round,action,fault_index,raw_reputation,eligible,jailed
1,invalid,1,0.250000000,1,0
2,invalid,2,0.125000000,1,0
3,invalid,3,0.062500000,1,0
4,invalid,4,0.031250000,1,0
5,invalid,5,0.015625000,1,0
6,valid,5,0.015778824,1,0
7,valid,5,0.015959039,1,0
8,valid,5,0.016156568,1,0
9,valid,5,0.016365074,1,0
10,valid,5,0.016580141,1,0
11,valid,5,0.016798695,1,0
12,valid,5,0.017018601,1,0
13,valid,5,0.017238382,1,0
14,valid,5,0.017457024,1,0
15,valid,5,0.017673830,1,0
16,valid,5,0.017888332,1,0
17,valid,5,0.018100217,1,0
18,valid,5,0.018309283,1,0
19,valid,5,0.018515402,1,0
20,valid,5,0.018718504,1,0
21,valid,5,0.018918551,1,0
22,valid,5,0.019115535,1,0
23,valid,5,0.019309462,1,0
24,valid,5,0.019500354,1,0
25,valid,5,0.019688239,1,0
26,valid,5,0.019873150,1,0
27,valid,5,0.020055126,1,0
28,valid,5,0.020234207,1,0
29,valid,5,0.020410433,1,0
30,valid,5,0.020583848,1,0
31,valid,5,0.020754493,1,0
32,valid,5,0.020922412,1,0
33,valid,5,0.021087647,1,0
34,valid,5,0.021250241,1,0
35,valid,5,0.021410234,1,0
36,valid,5,0.021567668,1,0
37,valid,5,0.021722584,1,0
38,valid,5,0.021875021,1,0
39,valid,5,0.022025020,1,0
40,valid,5,0.022172619,1,0
41,valid,5,0.022317857,1,0
42,valid,5,0.022460771,1,0
43,valid,5,0.022601398,1,0
44,valid,5,0.022739776,1,0
45,valid,5,0.022875939,1,0
46,valid,5,0.023009924,1,0
47,valid,5,0.023141766,1,0
48,valid,5,0.023271497,1,0
49,valid,5,0.023399153,1,0
50,valid,5,0.023524767,1,0
51,valid,5,0.023648371,1,0
52,valid,5,0.023769997,1,0
53,valid,5,0.023889677,1,0
54,valid,5,0.024007442,1,0
55,valid,5,0.024123323,1,0
56,valid,5,0.024237350,1,0
57,valid,5,0.024349552,1,0
58,valid,5,0.024459959,1,0
59,valid,5,0.024568600,1,0
60,valid,5,0.024675502,1,0
61,valid,5,0.024780694,1,0
62,valid,5,0.024884203,1,0
63,valid,5,0.024986056,1,0
64,valid,5,0.025086279,1,0
65,valid,5,0.025184898,1,0
66,valid,5,0.025281940,1,0
67,valid,5,0.025377429,1,0
68,valid,5,0.025471390,1,0
69,valid,5,0.025563848,1,0
70,valid,5,0.025654826,1,0
71,valid,5,0.025744349,1,0
72,valid,5,0.025832440,1,0
73,valid,5,0.025919121,1,0
74,valid,5,0.026004415,1,0
75,valid,5,0.026088344,1,0
76,valid,5,0.026170930,1,0
77,valid,5,0.026252196,1,0
78,valid,5,0.026332160,1,0
79,valid,5,0.026410846,1,0
80,valid,5,0.026488272,1,0
81,valid,5,0.026564460,1,0
82,valid,5,0.026639429,1,0
83,valid,5,0.026713198,1,0
84,valid,5,0.026785787,1,0
85,valid,5,0.026857214,1,0
86,valid,5,0.026927499,1,0
87,valid,5,0.026996659,1,0
88,valid,5,0.027064712,1,0
89,valid,5,0.027131677,1,0
90,valid,5,0.027197570,1,0
91,valid,5,0.027262409,1,0
92,valid,5,0.027326210,1,0
93,valid,5,0.027388991,1,0
94,valid,5,0.027450767,1,0
95,valid,5,0.027511555,1,0
96,valid,5,0.027571370,1,0
97,valid,5,0.027630228,1,0
98,valid,5,0.027688144,1,0
99,valid,5,0.027745134,1,0
100,valid,5,0.027801212,1,0
101,valid,5,0.027856392,1,0
102,valid,5,0.027910690,1,0
103,valid,5,0.027964119,1,0
104,valid,5,0.028016693,1,0
105,valid,5,0.028068426,1,0
106,valid,5,0.028119331,1,0
107,valid,5,0.028169422,1,0
108,valid,5,0.028218711,1,0
109,valid,5,0.028267212,1,0
110,valid,5,0.028314936,1,0
111,valid,5,0.028361897,1,0
112,valid,5,0.028408107,1,0
113,valid,5,0.028453577,1,0
114,valid,5,0.028498320,1,0
115,valid,5,0.028542347,1,0
116,valid,5,0.028585669,1,0
117,valid,5,0.028628299,1,0
118,valid,5,0.028670246,1,0
119,valid,5,0.028711522,1,0
120,valid,5,0.028752138,1,0
121,valid,5,0.028792104,1,0
122,valid,5,0.028831430,1,0
123,valid,5,0.028870127,1,0
124,valid,5,0.028908205,1,0
125,valid,5,0.028945674,1,0
126,valid,5,0.028982543,1,0
127,valid,5,0.029018822,1,0
128,valid,5,0.029054521,1,0
129,valid,5,0.029089649,1,0
130,valid,5,0.029124214,1,0
131,valid,5,0.029158227,1,0
132,valid,5,0.029191695,1,0
133,valid,5,0.029224628,1,0
134,valid,5,0.029257034,1,0
135,valid,5,0.029288922,1,0
136,valid,5,0.029320299,1,0
137,valid,5,0.029351174,1,0
138,valid,5,0.029381555,1,0
139,valid,5,0.029411450,1,0
140,valid,5,0.029440867,1,0
141,valid,5,0.029469813,1,0
142,valid,5,0.029498296,1,0
143,valid,5,0.029526324,1,0
144,valid,5,0.029553902,1,0
145,valid,5,0.029581040,1,0
146,valid,5,0.029607743,1,0
147,valid,5,0.029634019,1,0
148,valid,5,0.029659875,1,0
149,valid,5,0.029685317,1,0
150,valid,5,0.029710352,1,0
151,valid,5,0.029734986,1,0
152,valid,5,0.029759227,1,0
153,valid,5,0.029783079,1,0
154,valid,5,0.029806550,1,0
155,valid,5,0.029829645,1,0
156,valid,5,0.029852371,1,0
157,valid,5,0.029874733,1,0
158,valid,5,0.029896737,1,0
159,valid,5,0.029918389,1,0
160,valid,5,0.029939695,1,0
161,valid,5,0.029960660,1,0
162,valid,5,0.029981289,1,0
163,valid,5,0.030001589,1,0
164,invalid,6,0.015000794,1,0
165,valid,6,0.014995032,0,0
