round,weight_ratio,action
1,0.938142009,missing
2,0.879556345,missing
3,0.824381947,missing
4,0.772608783,missing
5,0.724138362,missing
6,0.678822767,missing
7,0.636489353,missing
8,0.596956079,missing
9,0.560040789,missing
10,0.525566636,missing
11,0.493365064,missing
12,0.463277285,missing
13,0.435154818,missing
14,0.408859477,missing
15,0.384263035,missing
16,0.361246717,missing
17,0.339700606,missing
18,0.319523029,missing
19,0.300619941,missing
20,0.282904335,missing
21,0.266295688,missing
22,0.250719441,missing
23,0.236106525,missing
24,0.222392914,missing
25,0.209519227,missing
26,0.197430354,missing
27,0.186075122,missing
28,0.175405984,missing
29,0.165378735,missing
30,0.155952258,missing
31,0.147088281,missing
32,0.138751168,missing
33,0.130907717,missing
34,0.123526975,missing
35,0.116580079,missing
36,0.110040096,missing
37,0.103881885,missing
38,0.098081967,missing
39,0.092618406,missing
40,0.087470698,missing
41,0.082619672,missing
42,0.078047396,missing
43,0.073737086,missing
44,0.069673035,missing
45,0.065840532,missing
46,0.062225796,missing
47,0.058815915,missing
48,0.055598785,missing
49,0.052563055,missing
50,0.049698080,missing
51,0.046993873,missing
52,0.044441061,missing
53,0.042030843,missing
54,0.039754958,missing
55,0.037605645,missing
56,0.035575612,missing
57,0.033658009,missing
58,0.031846395,missing
59,0.030134715,missing
60,0.028517276,missing
61,0.026988723,missing
62,0.025544016,missing
63,0.024178415,missing
64,0.022887457,missing
65,0.021666941,missing
66,0.020512913,missing
67,0.019421648,missing
68,0.018389637,missing
69,0.000000000,missing
70,0.000000000,missing
71,0.000000000,missing
72,0.000000000,missing
73,0.000000000,missing
74,0.000000000,missing
75,0.000000000,missing
76,0.000000000,missing
77,0.000000000,missing
78,0.000000000,missing
79,0.000000000,missing
80,0.000000000,missing
81,0.000000000,missing
82,0.000000000,missing
83,0.000000000,missing
84,0.000000000,missing
85,0.000000000,missing
86,0.000000000,missing
87,0.000000000,missing
88,0.000000000,missing
89,0.000000000,missing
90,0.000000000,missing
91,0.000000000,missing
92,0.000000000,missing
93,0.000000000,missing
94,0.000000000,missing
95,0.000000000,missing
96,0.000000000,missing
97,0.000000000,missing
98,0.000000000,missing
99,0.000000000,missing
100,0.000000000,missing
101,0.000000000,missing
102,0.000000000,missing
103,0.000000000,missing
104,0.000000000,missing
105,0.000000000,missing
106,0.000000000,missing
107,0.000000000,missing
108,0.000000000,missing
109,0.000000000,missing
110,0.000000000,missing
111,0.000000000,missing
112,0.000000000,missing
113,0.000000000,missing
114,0.000000000,missing
115,0.000000000,missing
116,0.000000000,missing
117,0.000000000,missing
118,0.000000000,missing
119,0.000000000,missing
120,0.000000000,missing
121,0.000000000,missing
122,0.000000000,missing
123,0.000000000,missing
124,0.000000000,missing
125,0.000000000,missing
126,0.000000000,missing
127,0.000000000,missing
128,0.000000000,missing
129,0.000000000,missing
130,0.000000000,missing
131,0.000000000,missing
132,0.000000000,missing
133,0.000000000,missing
134,0.000000000,missing
135,0.000000000,missing
136,0.000000000,missing
137,0.000000000,missing
138,0.000000000,missing
139,0.000000000,missing
140,0.000000000,missing
141,0.000000000,missing
142,0.000000000,missing
143,0.000000000,missing
144,0.000000000,missing
145,0.000000000,missing
146,0.000000000,missing
147,0.000000000,missing
148,0.000000000,missing
149,0.000000000,missing
150,0.000000000,missing
151,0.000000000,missing
152,0.000000000,missing
153,0.000000000,missing
154,0.000000000,missing
155,0.000000000,missing
156,0.000000000,missing
157,0.000000000,missing
158,0.000000000,missing
159,0.000000000,missing
160,0.000000000,missing
161,0.000000000,missing
162,0.000000000,missing
163,0.000000000,missing
164,0.000000000,missing
165,0.000000000,missing
166,0.000000000,missing
167,0.000000000,missing
168,0.000000000,missing
169,0.000000000,missing
170,0.000000000,missing
171,0.000000000,missing
172,0.000000000,missing
173,0.000000000,missing
174,0.000000000,missing
175,0.000000000,missing
176,0.000000000,missing
177,0.000000000,missing
178,0.000000000,missing
179,0.000000000,missing
180,0.000000000,missing
181,0.000000000,missing
182,0.000000000,missing
183,0.000000000,missing
184,0.000000000,missing
185,0.000000000,missing
186,0.000000000,missing
187,0.000000000,missing
188,0.000000000,missing
189,0.000000000,missing
190,0.000000000,missing
191,0.000000000,missing
192,0.000000000,missing
193,0.000000000,missing
194,0.000000000,missing
195,0.000000000,missing
196,0.000000000,missing
197,0.000000000,missing
198,0.000000000,missing
199,0.000000000,missing
200,0.000000000,missing
201,0.000000000,missing
202,0.000000000,missing
203,0.000000000,missing
204,0.000000000,missing
205,0.000000000,missing
206,0.000000000,missing
207,0.000000000,missing
208,0.000000000,missing
209,0.000000000,missing
210,0.000000000,missing
211,0.000000000,missing
212,0.000000000,missing
213,0.000000000,missing
214,0.000000000,missing
215,0.000000000,missing
216,0.000000000,missing
217,0.000000000,missing
218,0.000000000,missing
219,0.000000000,missing
220,0.000000000,missing
221,0.000000000,missing
222,0.000000000,missing
223,0.000000000,missing
224,0.000000000,missing
225,0.000000000,missing
226,0.000000000,missing
227,0.000000000,missing
228,0.000000000,missing
229,0.000000000,missing
230,0.000000000,missing
231,0.000000000,missing
232,0.000000000,missing
233,0.000000000,missing
234,0.000000000,missing
235,0.000000000,missing
236,0.000000000,missing
237,0.000000000,missing
238,0.000000000,missing
239,0.000000000,missing
240,0.000000000,missing
241,0.000000000,missing
242,0.000000000,missing
243,0.000000000,missing
244,0.000000000,missing
245,0.000000000,missing
246,0.000000000,missing
247,0.000000000,missing
248,0.000000000,missing
249,0.000000000,missing
250,0.000000000,missing
251,0.000000000,missing
252,0.000000000,missing
253,0.000000000,missing
254,0.000000000,missing
255,0.000000000,missing
256,0.000000000,missing
257,0.000000000,missing
258,0.000000000,missing
259,0.000000000,missing
260,0.000000000,missing
261,0.000000000,missing
262,0.000000000,missing
263,0.000000000,missing
264,0.000000000,missing
265,0.000000000,missing
266,0.000000000,missing
267,0.000000000,missing
268,0.000000000,missing
269,0.000000000,missing
270,0.000000000,missing
271,0.000000000,missing
272,0.000000000,missing
273,0.000000000,missing
274,0.000000000,missing
275,0.000000000,missing
276,0.000000000,missing
277,0.000000000,missing
278,0.000000000,missing
279,0.000000000,missing
280,0.000000000,missing
281,0.000000000,missing
282,0.000000000,missing
283,0.000000000,missing
284,0.000000000,missing
285,0.000000000,missing
286,0.000000000,missing
287,0.000000000,missing
288,0.000000000,missing
289,0.000000000,missing
290,0.000000000,missing
291,0.000000000,missing
292,0.000000000,missing
293,0.000000000,missing
294,0.000000000,missing
295,0.000000000,missing
296,0.000000000,missing
297,0.000000000,missing
298,0.000000000,missing
299,0.000000000,missing
300,0.000000000,missing
301,0.000000000,missing
302,0.000000000,missing
303,0.000000000,missing
304,0.000000000,missing
305,0.000000000,missing
306,0.000000000,missing
307,0.000000000,missing
308,0.000000000,missing
309,0.000000000,missing
310,0.000000000,missing
311,0.000000000,missing
312,0.000000000,missing
313,0.000000000,missing
314,0.000000000,missing
315,0.000000000,missing
316,0.000000000,missing
317,0.000000000,missing
318,0.000000000,missing
319,0.000000000,missing
320,0.000000000,missing
321,0.000000000,missing
322,0.000000000,missing
323,0.000000000,missing
324,0.000000000,missing
325,0.000000000,missing
326,0.000000000,missing
327,0.000000000,missing
328,0.000000000,missing
329,0.000000000,missing
330,0.000000000,missing
331,0.000000000,missing
332,0.000000000,missing
333,0.000000000,missing
334,0.000000000,missing
335,0.000000000,missing
336,0.000000000,missing
337,0.000000000,missing
338,0.000000000,missing
339,0.000000000,missing
340,0.000000000,missing
341,0.000000000,missing
342,0.000000000,missing
343,0.000000000,missing
344,0.000000000,missing
345,0.000000000,missing
346,0.000000000,missing
347,0.000000000,missing
348,0.000000000,missing
349,0.000000000,missing
350,0.000000000,missing
351,0.000000000,missing
352,0.000000000,missing
353,0.000000000,missing
354,0.000000000,missing
355,0.000000000,missing
356,0.000000000,missing
357,0.000000000,missing
358,0.000000000,missing
359,0.000000000,missing
360,0.000000000,missing
361,0.000000000,missing
362,0.000000000,missing
363,0.000000000,missing
364,0.000000000,missing
365,0.000000000,missing
366,0.000000000,missing
367,0.000000000,missing
368,0.000000000,missing
369,0.000000000,missing
370,0.000000000,missing
371,0.000000000,missing
372,0.000000000,missing
373,0.000000000,missing
374,0.000000000,missing
375,0.000000000,missing
376,0.000000000,missing
377,0.000000000,missing
378,0.000000000,missing
379,0.000000000,missing
380,0.000000000,missing
381,0.000000000,missing
382,0.000000000,missing
383,0.000000000,missing
384,0.000000000,missing
385,0.000000000,missing
386,0.000000000,missing
387,0.000000000,missing
388,0.000000000,missing
389,0.000000000,missing
390,0.000000000,missing
391,0.000000000,missing
392,0.000000000,missing
393,0.000000000,missing
394,0.000000000,missing
395,0.000000000,missing
396,0.000000000,missing
397,0.000000000,missing
398,0.000000000,missing
399,0.000000000,missing
400,0.000000000,missing
401,0.000000000,missing
402,0.000000000,missing
403,0.000000000,missing
404,0.000000000,missing
405,0.000000000,missing
406,0.000000000,missing
407,0.000000000,missing
408,0.000000000,missing
409,0.000000000,missing
410,0.000000000,missing
411,0.000000000,missing
412,0.000000000,missing
413,0.000000000,missing
414,0.000000000,missing
415,0.000000000,missing
416,0.000000000,missing
417,0.000000000,missing
418,0.000000000,missing
419,0.000000000,missing
420,0.000000000,missing
421,0.000000000,missing
422,0.000000000,missing
423,0.000000000,missing
424,0.000000000,missing
425,0.000000000,missing
426,0.000000000,missing
427,0.000000000,missing
428,0.000000000,missing
429,0.000000000,missing
430,0.000000000,missing
431,0.000000000,missing
432,0.000000000,missing
433,0.000000000,missing
434,0.000000000,missing
435,0.000000000,missing
436,0.000000000,missing
437,0.000000000,missing
438,0.000000000,missing
439,0.000000000,missing
440,0.000000000,missing
441,0.000000000,missing
442,0.000000000,missing
443,0.000000000,missing
444,0.000000000,missing
445,0.000000000,missing
446,0.000000000,missing
447,0.000000000,missing
448,0.000000000,missing
449,0.000000000,missing
450,0.000000000,missing
451,0.000000000,missing
452,0.000000000,missing
453,0.000000000,missing
454,0.000000000,missing
455,0.000000000,missing
456,0.000000000,missing
457,0.000000000,missing
458,0.000000000,missing
459,0.000000000,missing
460,0.000000000,missing
461,0.000000000,missing
462,0.000000000,missing
463,0.000000000,missing
464,0.000000000,missing
465,0.000000000,missing
466,0.000000000,missing
467,0.000000000,missing
468,0.000000000,missing
469,0.000000000,missing
470,0.000000000,missing
471,0.000000000,missing
472,0.000000000,missing
473,0.000000000,missing
474,0.000000000,missing
475,0.000000000,missing
476,0.000000000,missing
477,0.000000000,missing
478,0.000000000,missing
479,0.000000000,missing
480,0.000000000,missing
481,0.000000000,missing
482,0.000000000,missing
483,0.000000000,missing
484,0.000000000,missing
485,0.000000000,missing
486,0.000000000,missing
487,0.000000000,missing
488,0.000000000,missing
489,0.000000000,missing
490,0.000000000,missing
491,0.000000000,missing
492,0.000000000,missing
493,0.000000000,missing
494,0.000000000,missing
495,0.000000000,missing
496,0.000000000,missing
497,0.000000000,missing
498,0.000000000,missing
499,0.000000000,missing
500,0.000000000,missing
