seed,round,honest_r_eff,attacker_r_eff
42,1,0.50632,0.25
42,2,0.513043,0.125
42,3,0.520011,0.0625
42,4,0.527115,0.03125
42,5,0.534277,0.015625
42,6,0.507564,0.01
42,7,0.51516,0.01
42,8,0.52272,0.01
42,9,0.530218,0.01
42,10,0.537638,0.01
42,11,0.544968,0.01
42,12,0.552201,0.01
42,13,0.559332,0.01
42,14,0.56636,0.01
42,15,0.573282,0.01
42,16,0.580098,0.01
42,17,0.586808,0.01
42,18,0.593414,0.01
42,19,0.599915,0.01
42,20,0.606314,0.01
42,21,0.612611,0.01
42,22,0.58198,0.01
42,23,0.588667,0.01
42,24,0.595248,0.01
42,25,0.601723,0.01
42,26,0.608095,0.01
42,27,0.614365,0.01
42,28,0.620535,0.01
42,29,0.626606,0.01
42,30,0.595276,0.01
42,31,0.601752,0.01
42,32,0.608124,0.01
42,33,0.614393,0.01
42,34,0.620563,0.01
42,35,0.626634,0.01
42,36,0.632608,0.01
42,37,0.600978,0.01
42,38,0.607362,0.01
42,39,0.613644,0.01
42,40,0.619826,0.01
42,41,0.625909,0.01
42,42,0.631894,0.01
42,43,0.637784,0.01
42,44,0.643579,0.01
42,45,0.649282,0.01
42,46,0.654893,0.01
42,47,0.660415,0.01
42,48,0.665848,0.01
42,49,0.671195,0.01
42,50,0.637635,0.01
42,51,0.605753,0.01
42,52,0.612061,0.01
42,53,0.618268,0.01
42,54,0.624376,0.01
42,55,0.630386,0.01
42,56,0.6363,0.01
42,57,0.642119,0.01
42,58,0.647845,0.01
42,59,0.65348,0.01
42,60,0.659024,0.01
42,61,0.66448,0.01
42,62,0.669848,0.01
42,63,0.67513,0.01
42,64,0.680328,0.01
42,65,0.646312,0.01
42,66,0.651971,0.01
42,67,0.657539,0.01
42,68,0.663019,0.01
42,69,0.66841,0.01
42,70,0.673716,0.01
42,71,0.678936,0.01
42,72,0.684073,0.01
42,73,0.689128,0.01
42,74,0.694102,0.01
42,75,0.698997,0.01
42,76,0.703813,0.01
42,77,0.708552,0.01
42,78,0.713215,0.01
42,79,0.717803,0.01
42,80,0.722318,0.01
42,81,0.726761,0.01
42,82,0.731133,0.01
42,83,0.735435,0.01
42,84,0.739668,0.01
42,85,0.702685,0.01
42,86,0.707442,0.01
42,87,0.712123,0.01
42,88,0.716729,0.01
42,89,0.721261,0.01
42,90,0.725721,0.01
42,91,0.730109,0.01
42,92,0.734428,0.01
42,93,0.738677,0.01
42,94,0.742858,0.01
42,95,0.746972,0.01
42,96,0.751021,0.01
42,97,0.755004,0.01
42,98,0.758924,0.01
42,99,0.762781,0.01
42,100,0.766577,0.01
43,1,0.50632,0.25
43,2,0.513043,0.125
43,3,0.520011,0.0625
43,4,0.527115,0.03125
43,5,0.500759,0.015625
43,6,0.508343,0.01
43,7,0.515927,0.01
43,8,0.523475,0.01
43,9,0.530961,0.01
43,10,0.538369,0.01
43,11,0.545687,0.01
43,12,0.552909,0.01
43,13,0.560029,0.01
43,14,0.567045,0.01
43,15,0.573956,0.01
43,16,0.545258,0.01
43,17,0.552523,0.01
43,18,0.559675,0.01
43,19,0.566714,0.01
43,20,0.573643,0.01
43,21,0.580462,0.01
43,22,0.587172,0.01
43,23,0.593776,0.01
43,24,0.600275,0.01
43,25,0.60667,0.01
43,26,0.612963,0.01
43,27,0.619155,0.01
43,28,0.625248,0.01
43,29,0.631244,0.01
43,30,0.637144,0.01
43,31,0.64295,0.01
43,32,0.648663,0.01
43,33,0.654284,0.01
43,34,0.659815,0.01
43,35,0.665258,0.01
43,36,0.670614,0.01
43,37,0.675884,0.01
43,38,0.68107,0.01
43,39,0.686173,0.01
43,40,0.691194,0.01
43,41,0.696135,0.01
43,42,0.700997,0.01
43,43,0.705781,0.01
43,44,0.710489,0.01
43,45,0.674964,0.01
43,46,0.680165,0.01
43,47,0.685282,0.01
43,48,0.690318,0.01
43,49,0.695272,0.01
43,50,0.700148,0.01
43,51,0.704946,0.01
43,52,0.669698,0.01
43,53,0.674983,0.01
43,54,0.680184,0.01
43,55,0.685301,0.01
43,56,0.690336,0.01
43,57,0.69529,0.01
43,58,0.700166,0.01
43,59,0.704963,0.01
43,60,0.709684,0.01
43,61,0.714329,0.01
43,62,0.7189,0.01
43,63,0.682955,0.01
43,64,0.688027,0.01
43,65,0.693019,0.01
43,66,0.697931,0.01
43,67,0.702764,0.01
43,68,0.707519,0.01
43,69,0.712199,0.01
43,70,0.716804,0.01
43,71,0.721335,0.01
43,72,0.725794,0.01
43,73,0.730181,0.01
43,74,0.734498,0.01
43,75,0.738746,0.01
43,76,0.742926,0.01
43,77,0.747039,0.01
43,78,0.709687,0.01
43,79,0.714332,0.01
43,80,0.718903,0.01
43,81,0.723401,0.01
43,82,0.727826,0.01
43,83,0.732181,0.01
43,84,0.736466,0.01
43,85,0.740683,0.01
43,86,0.744832,0.01
43,87,0.748914,0.01
43,88,0.752932,0.01
43,89,0.756885,0.01
43,90,0.760775,0.01
43,91,0.764602,0.01
43,92,0.768369,0.01
43,93,0.772075,0.01
43,94,0.775722,0.01
43,95,0.77931,0.01
43,96,0.782841,0.01
43,97,0.786316,0.01
43,98,0.789735,0.01
43,99,0.793099,0.01
43,100,0.796409,0.01
44,1,0.50632,0.25
44,2,0.513043,0.125
44,3,0.520011,0.0625
44,4,0.527115,0.03125
44,5,0.534277,0.015625
44,6,0.541447,0.01
44,7,0.548586,0.01
44,8,0.55567,0.01
44,9,0.562682,0.01
44,10,0.569612,0.01
44,11,0.576451,0.01
44,12,0.583194,0.01
44,13,0.58984,0.01
44,14,0.596386,0.01
44,15,0.602832,0.01
44,16,0.609179,0.01
44,17,0.615427,0.01
44,18,0.621576,0.01
44,19,0.627628,0.01
44,20,0.633584,0.01
44,21,0.639445,0.01
44,22,0.645213,0.01
44,23,0.650889,0.01
44,24,0.656475,0.01
44,25,0.661971,0.01
44,26,0.667379,0.01
44,27,0.672701,0.01
44,28,0.677937,0.01
44,29,0.68309,0.01
44,30,0.688161,0.01
44,31,0.69315,0.01
44,32,0.69806,0.01
44,33,0.702891,0.01
44,34,0.707644,0.01
44,35,0.712322,0.01
44,36,0.716925,0.01
44,37,0.681079,0.01
44,38,0.686181,0.01
44,39,0.691203,0.01
44,40,0.696143,0.01
44,41,0.701005,0.01
44,42,0.705789,0.01
44,43,0.6705,0.01
44,44,0.675772,0.01
44,45,0.641983,0.01
44,46,0.647711,0.01
44,47,0.653348,0.01
44,48,0.658894,0.01
44,49,0.664352,0.01
44,50,0.669722,0.01
44,51,0.675007,0.01
44,52,0.680207,0.01
44,53,0.646196,0.01
44,54,0.651857,0.01
44,55,0.657427,0.01
44,56,0.662909,0.01
44,57,0.668302,0.01
44,58,0.673609,0.01
44,59,0.639929,0.01
44,60,0.64569,0.01
44,61,0.651359,0.01
44,62,0.656937,0.01
44,63,0.662426,0.01
44,64,0.667827,0.01
44,65,0.673142,0.01
44,66,0.678372,0.01
44,67,0.683518,0.01
44,68,0.688582,0.01
44,69,0.693564,0.01
44,70,0.698467,0.01
44,71,0.703292,0.01
44,72,0.708039,0.01
44,73,0.71271,0.01
44,74,0.717307,0.01
44,75,0.72183,0.01
44,76,0.726281,0.01
44,77,0.73066,0.01
44,78,0.73497,0.01
44,79,0.73921,0.01
44,80,0.743383,0.01
44,81,0.747489,0.01
44,82,0.751529,0.01
44,83,0.755505,0.01
44,84,0.759416,0.01
44,85,0.763266,0.01
44,86,0.767054,0.01
44,87,0.770781,0.01
44,88,0.774448,0.01
44,89,0.778057,0.01
44,90,0.739154,0.01
44,91,0.743328,0.01
44,92,0.747434,0.01
44,93,0.751476,0.01
44,94,0.755452,0.01
44,95,0.759365,0.01
44,96,0.763215,0.01
44,97,0.767003,0.01
44,98,0.770731,0.01
44,99,0.7744,0.01
44,100,0.778009,0.01
45,1,0.50632,0.25
45,2,0.513043,0.125
45,3,0.520011,0.0625
45,4,0.49401,0.03125
45,5,0.50153,0.015625
45,6,0.509102,0.01
45,7,0.516674,0.01
45,8,0.52421,0.01
45,9,0.531684,0.01
45,10,0.53908,0.01
45,11,0.546387,0.01
45,12,0.553598,0.01
45,13,0.560707,0.01
45,14,0.567712,0.01
45,15,0.574613,0.01
45,16,0.581407,0.01
45,17,0.588097,0.01
45,18,0.594682,0.01
45,19,0.601163,0.01
45,20,0.607542,0.01
45,21,0.613819,0.01
45,22,0.619997,0.01
45,23,0.626076,0.01
45,24,0.632058,0.01
45,25,0.637944,0.01
45,26,0.643737,0.01
45,27,0.649437,0.01
45,28,0.655046,0.01
45,29,0.660565,0.01
45,30,0.665996,0.01
45,31,0.67134,0.01
45,32,0.676598,0.01
45,33,0.681773,0.01
45,34,0.686864,0.01
45,35,0.691875,0.01
45,36,0.696805,0.01
45,37,0.701656,0.01
45,38,0.706429,0.01
45,39,0.711126,0.01
45,40,0.67557,0.01
45,41,0.680761,0.01
45,42,0.685869,0.01
45,43,0.690895,0.01
45,44,0.69584,0.01
45,45,0.700707,0.01
45,46,0.705496,0.01
45,47,0.710208,0.01
45,48,0.714844,0.01
45,49,0.719407,0.01
45,50,0.723896,0.01
45,51,0.728314,0.01
45,52,0.732661,0.01
45,53,0.696028,0.01
45,54,0.700892,0.01
45,55,0.705677,0.01
45,56,0.710386,0.01
45,57,0.674867,0.01
45,58,0.680069,0.01
45,59,0.685188,0.01
45,60,0.690225,0.01
45,61,0.695182,0.01
45,62,0.700059,0.01
45,63,0.704858,0.01
45,64,0.70958,0.01
45,65,0.714227,0.01
45,66,0.718799,0.01
45,67,0.723298,0.01
45,68,0.727726,0.01
45,69,0.732082,0.01
45,70,0.736369,0.01
45,71,0.740587,0.01
45,72,0.744737,0.01
45,73,0.748822,0.01
45,74,0.75284,0.01
45,75,0.756795,0.01
45,76,0.760686,0.01
45,77,0.764515,0.01
45,78,0.768283,0.01
45,79,0.77199,0.01
45,80,0.775639,0.01
45,81,0.779228,0.01
45,82,0.782761,0.01
45,83,0.786237,0.01
45,84,0.789657,0.01
45,85,0.793022,0.01
45,86,0.796334,0.01
45,87,0.799593,0.01
45,88,0.802799,0.01
45,89,0.805954,0.01
45,90,0.809059,0.01
45,91,0.812114,0.01
45,92,0.81512,0.01
45,93,0.818078,0.01
45,94,0.820989,0.01
45,95,0.823853,0.01
45,96,0.826672,0.01
45,97,0.829445,0.01
45,98,0.832174,0.01
45,99,0.834859,0.01
45,100,0.837501,0.01
46,1,0.50632,0.25
46,2,0.513043,0.125
46,3,0.520011,0.0625
46,4,0.49401,0.03125
46,5,0.50153,0.015625
46,6,0.509102,0.01
46,7,0.516674,0.01
46,8,0.52421,0.01
46,9,0.531684,0.01
46,10,0.53908,0.01
46,11,0.512126,0.01
46,12,0.48652,0.01
46,13,0.494668,0.01
46,14,0.502706,0.01
46,15,0.510629,0.01
46,16,0.518436,0.01
46,17,0.526125,0.01
46,18,0.533695,0.01
46,19,0.541148,0.01
46,20,0.548484,0.01
46,21,0.52106,0.01
46,22,0.528719,0.01
46,23,0.536257,0.01
46,24,0.543675,0.01
46,25,0.550975,0.01
46,26,0.523426,0.01
46,27,0.53105,0.01
46,28,0.538553,0.01
46,29,0.545935,0.01
46,30,0.5532,0.01
46,31,0.560349,0.01
46,32,0.567383,0.01
46,33,0.539014,0.01
46,34,0.546389,0.01
46,35,0.553647,0.01
46,36,0.560789,0.01
46,37,0.567816,0.01
46,38,0.574731,0.01
46,39,0.581535,0.01
46,40,0.588231,0.01
46,41,0.594819,0.01
46,42,0.601302,0.01
46,43,0.607681,0.01
46,44,0.613958,0.01
46,45,0.620135,0.01
46,46,0.626213,0.01
46,47,0.632193,0.01
46,48,0.638078,0.01
46,49,0.643869,0.01
46,50,0.649567,0.01
46,51,0.655174,0.01
46,52,0.660691,0.01
46,53,0.66612,0.01
46,54,0.671462,0.01
46,55,0.637889,0.01
46,56,0.643683,0.01
46,57,0.649384,0.01
46,58,0.654994,0.01
46,59,0.660514,0.01
46,60,0.665946,0.01
46,61,0.671291,0.01
46,62,0.67655,0.01
46,63,0.681725,0.01
46,64,0.686817,0.01
46,65,0.691828,0.01
46,66,0.696759,0.01
46,67,0.701611,0.01
46,68,0.706385,0.01
46,69,0.711083,0.01
46,70,0.715706,0.01
46,71,0.720254,0.01
46,72,0.72473,0.01
46,73,0.729135,0.01
46,74,0.733469,0.01
46,75,0.737733,0.01
46,76,0.741929,0.01
46,77,0.746058,0.01
46,78,0.750122,0.01
46,79,0.75412,0.01
46,80,0.758054,0.01
46,81,0.761925,0.01
46,82,0.765734,0.01
46,83,0.769482,0.01
46,84,0.773171,0.01
46,85,0.7768,0.01
46,86,0.780371,0.01
46,87,0.783885,0.01
46,88,0.787343,0.01
46,89,0.790745,0.01
46,90,0.794094,0.01
46,91,0.754389,0.01
46,92,0.758319,0.01
46,93,0.762186,0.01
46,94,0.765991,0.01
46,95,0.769735,0.01
46,96,0.773419,0.01
46,97,0.777044,0.01
46,98,0.780612,0.01
46,99,0.784122,0.01
46,100,0.787576,0.01
47,1,0.50632,0.25
47,2,0.513043,0.125
47,3,0.520011,0.0625
47,4,0.527115,0.03125
47,5,0.534277,0.015625
47,6,0.541447,0.014844
47,7,0.548586,0.01
47,8,0.55567,0.01
47,9,0.562682,0.01
47,10,0.569612,0.01
47,11,0.576451,0.01
47,12,0.583194,0.01
47,13,0.58984,0.01
47,14,0.596386,0.01
47,15,0.602832,0.01
47,16,0.609179,0.01
47,17,0.57872,0.01
47,18,0.585455,0.01
47,19,0.592084,0.01
47,20,0.598608,0.01
47,21,0.605028,0.01
47,22,0.611346,0.01
47,23,0.617564,0.01
47,24,0.623682,0.01
47,25,0.629703,0.01
47,26,0.635627,0.01
47,27,0.641457,0.01
47,28,0.647194,0.01
47,29,0.652838,0.01
47,30,0.658393,0.01
47,31,0.663859,0.01
47,32,0.669237,0.01
47,33,0.674529,0.01
47,34,0.679736,0.01
47,35,0.684861,0.01
47,36,0.689903,0.01
47,37,0.694864,0.01
47,38,0.699747,0.01
47,39,0.704551,0.01
47,40,0.709278,0.01
47,41,0.713929,0.01
47,42,0.718507,0.01
47,43,0.72301,0.01
47,44,0.727442,0.01
47,45,0.731803,0.01
47,46,0.736094,0.01
47,47,0.740317,0.01
47,48,0.744472,0.01
47,49,0.74856,0.01
47,50,0.752583,0.01
47,51,0.756542,0.01
47,52,0.760437,0.01
47,53,0.76427,0.01
47,54,0.768042,0.01
47,55,0.771753,0.01
47,56,0.775405,0.01
47,57,0.736635,0.01
47,58,0.740849,0.01
47,59,0.744995,0.01
47,60,0.749075,0.01
47,61,0.75309,0.01
47,62,0.757041,0.01
47,63,0.760928,0.01
47,64,0.764753,0.01
47,65,0.768517,0.01
47,66,0.772221,0.01
47,67,0.775865,0.01
47,68,0.779451,0.01
47,69,0.78298,0.01
47,70,0.786453,0.01
47,71,0.789869,0.01
47,72,0.793231,0.01
47,73,0.79654,0.01
47,74,0.799795,0.01
47,75,0.802998,0.01
47,76,0.80615,0.01
47,77,0.809252,0.01
47,78,0.812304,0.01
47,79,0.815307,0.01
47,80,0.818262,0.01
47,81,0.777349,0.01
47,82,0.780911,0.01
47,83,0.784417,0.01
47,84,0.787866,0.01
47,85,0.79126,0.01
47,86,0.7946,0.01
47,87,0.797887,0.01
47,88,0.80112,0.01
47,89,0.804302,0.01
47,90,0.807434,0.01
47,91,0.810515,0.01
47,92,0.813546,0.01
47,93,0.81653,0.01
47,94,0.775703,0.01
47,95,0.779292,0.01
47,96,0.782823,0.01
47,97,0.786298,0.01
47,98,0.746983,0.01
47,99,0.751031,0.01
47,100,0.755015,0.01
48,1,0.475,0.25
48,2,0.48172,0.125
48,3,0.488836,0.0625
48,4,0.496192,0.03125
48,5,0.503677,0.015625
48,6,0.511214,0.01
48,7,0.518753,0.01
48,8,0.526255,0.01
48,9,0.533696,0.01
48,10,0.54106,0.01
48,11,0.548336,0.01
48,12,0.555515,0.01
48,13,0.562593,0.01
48,14,0.569569,0.01
48,15,0.576439,0.01
48,16,0.583205,0.01
48,17,0.589866,0.01
48,18,0.560372,0.01
48,19,0.567401,0.01
48,20,0.574318,0.01
48,21,0.581127,0.01
48,22,0.587827,0.01
48,23,0.59442,0.01
48,24,0.600908,0.01
48,25,0.607293,0.01
48,26,0.613576,0.01
48,27,0.582897,0.01
48,28,0.589571,0.01
48,29,0.596137,0.01
48,30,0.602599,0.01
48,31,0.608957,0.01
48,32,0.615214,0.01
48,33,0.62137,0.01
48,34,0.627428,0.01
48,35,0.63339,0.01
48,36,0.639255,0.01
48,37,0.645027,0.01
48,38,0.650707,0.01
48,39,0.656295,0.01
48,40,0.623481,0.01
48,41,0.629505,0.01
48,42,0.635433,0.01
48,43,0.641266,0.01
48,44,0.647006,0.01
48,45,0.652654,0.01
48,46,0.620021,0.01
48,47,0.626101,0.01
48,48,0.632083,0.01
48,49,0.63797,0.01
48,50,0.643762,0.01
48,51,0.649462,0.01
48,52,0.655071,0.01
48,53,0.660589,0.01
48,54,0.62756,0.01
48,55,0.633519,0.01
48,56,0.639383,0.01
48,57,0.645153,0.01
48,58,0.65083,0.01
48,59,0.656417,0.01
48,60,0.661914,0.01
48,61,0.667324,0.01
48,62,0.672646,0.01
48,63,0.677884,0.01
48,64,0.683038,0.01
48,65,0.688109,0.01
48,66,0.6931,0.01
48,67,0.69801,0.01
48,68,0.702842,0.01
48,69,0.707596,0.01
48,70,0.712275,0.01
48,71,0.716878,0.01
48,72,0.721408,0.01
48,73,0.725866,0.01
48,74,0.730252,0.01
48,75,0.734568,0.01
48,76,0.738815,0.01
48,77,0.742994,0.01
48,78,0.747106,0.01
48,79,0.751152,0.01
48,80,0.755134,0.01
48,81,0.759052,0.01
48,82,0.762907,0.01
48,83,0.7667,0.01
48,84,0.770433,0.01
48,85,0.774106,0.01
48,86,0.77772,0.01
48,87,0.781277,0.01
48,88,0.784776,0.01
48,89,0.78822,0.01
48,90,0.791609,0.01
48,91,0.794943,0.01
48,92,0.798224,0.01
48,93,0.801452,0.01
48,94,0.804629,0.01
48,95,0.807755,0.01
48,96,0.810831,0.01
48,97,0.813857,0.01
48,98,0.816836,0.01
48,99,0.775994,0.01
48,100,0.779578,0.01
49,1,0.50632,0.25
49,2,0.513043,0.125
49,3,0.520011,0.0625
49,4,0.527115,0.03125
49,5,0.534277,0.015625
49,6,0.541447,0.01
49,7,0.548586,0.01
49,8,0.55567,0.01
49,9,0.562682,0.01
49,10,0.569612,0.01
49,11,0.576451,0.01
49,12,0.583194,0.01
49,13,0.58984,0.01
49,14,0.596386,0.01
49,15,0.602832,0.01
49,16,0.609179,0.01
49,17,0.615427,0.01
49,18,0.621576,0.01
49,19,0.627628,0.01
49,20,0.633584,0.01
49,21,0.639445,0.01
49,22,0.645213,0.01
49,23,0.650889,0.01
49,24,0.656475,0.01
49,25,0.661971,0.01
49,26,0.667379,0.01
49,27,0.672701,0.01
49,28,0.677937,0.01
49,29,0.68309,0.01
49,30,0.648936,0.01
49,31,0.654553,0.01
49,32,0.66008,0.01
49,33,0.665519,0.01
49,34,0.67087,0.01
49,35,0.676136,0.01
49,36,0.681318,0.01
49,37,0.686417,0.01
49,38,0.691434,0.01
49,39,0.696371,0.01
49,40,0.701229,0.01
49,41,0.70601,0.01
49,42,0.710714,0.01
49,43,0.715342,0.01
49,44,0.719897,0.01
49,45,0.724378,0.01
49,46,0.728788,0.01
49,47,0.733128,0.01
49,48,0.737398,0.01
49,49,0.741599,0.01
49,50,0.745734,0.01
49,51,0.749802,0.01
49,52,0.753805,0.01
49,53,0.757744,0.01
49,54,0.76162,0.01
49,55,0.765434,0.01
49,56,0.769187,0.01
49,57,0.77288,0.01
49,58,0.776514,0.01
49,59,0.78009,0.01
49,60,0.783609,0.01
49,61,0.787071,0.01
49,62,0.790478,0.01
49,63,0.79383,0.01
49,64,0.797129,0.01
49,65,0.800375,0.01
49,66,0.803569,0.01
49,67,0.806712,0.01
49,68,0.809804,0.01
49,69,0.812847,0.01
49,70,0.815842,0.01
49,71,0.818788,0.01
49,72,0.821688,0.01
49,73,0.824541,0.01
49,74,0.827348,0.01
49,75,0.830111,0.01
49,76,0.832829,0.01
49,77,0.835504,0.01
49,78,0.838136,0.01
49,79,0.840725,0.01
49,80,0.843274,0.01
49,81,0.845781,0.01
49,82,0.848249,0.01
49,83,0.850677,0.01
49,84,0.853066,0.01
49,85,0.855417,0.01
49,86,0.812646,0.01
49,87,0.815644,0.01
49,88,0.818594,0.01
49,89,0.777664,0.01
49,90,0.781221,0.01
49,91,0.784722,0.01
49,92,0.788166,0.01
49,93,0.791555,0.01
49,94,0.794891,0.01
49,95,0.798172,0.01
49,96,0.801402,0.01
49,97,0.804579,0.01
49,98,0.807706,0.01
49,99,0.810783,0.01
49,100,0.81381,0.01
50,1,0.50632,0.25
50,2,0.513043,0.125
50,3,0.520011,0.0625
50,4,0.527115,0.03125
50,5,0.534277,0.015625
50,6,0.541447,0.01
50,7,0.548586,0.01
50,8,0.55567,0.01
50,9,0.562682,0.01
50,10,0.569612,0.01
50,11,0.576451,0.01
50,12,0.583194,0.01
50,13,0.58984,0.01
50,14,0.596386,0.01
50,15,0.602832,0.01
50,16,0.609179,0.01
50,17,0.615427,0.01
50,18,0.621576,0.01
50,19,0.627628,0.01
50,20,0.633584,0.01
50,21,0.639445,0.01
50,22,0.645213,0.01
50,23,0.650889,0.01
50,24,0.656475,0.01
50,25,0.661971,0.01
50,26,0.667379,0.01
50,27,0.672701,0.01
50,28,0.677937,0.01
50,29,0.68309,0.01
50,30,0.688161,0.01
50,31,0.69315,0.01
50,32,0.69806,0.01
50,33,0.702891,0.01
50,34,0.707644,0.01
50,35,0.712322,0.01
50,36,0.716925,0.01
50,37,0.721454,0.01
50,38,0.725911,0.01
50,39,0.730296,0.01
50,40,0.693782,0.01
50,41,0.659092,0.01
50,42,0.664547,0.01
50,43,0.669914,0.01
50,44,0.675196,0.01
50,45,0.680392,0.01
50,46,0.685506,0.01
50,47,0.690538,0.01
50,48,0.695489,0.01
50,49,0.700362,0.01
50,50,0.705156,0.01
50,51,0.669898,0.01
50,52,0.67518,0.01
50,53,0.680377,0.01
50,54,0.685491,0.01
50,55,0.690523,0.01
50,56,0.695475,0.01
50,57,0.700347,0.01
50,58,0.705141,0.01
50,59,0.709859,0.01
50,60,0.714501,0.01
50,61,0.719069,0.01
50,62,0.723564,0.01
50,63,0.727987,0.01
50,64,0.732339,0.01
50,65,0.736622,0.01
50,66,0.740836,0.01
50,67,0.744983,0.01
50,68,0.749063,0.01
50,69,0.753078,0.01
50,70,0.757029,0.01
50,71,0.760916,0.01
50,72,0.764742,0.01
50,73,0.768506,0.01
50,74,0.77221,0.01
50,75,0.775854,0.01
50,76,0.779441,0.01
50,77,0.78297,0.01
50,78,0.786442,0.01
50,79,0.74712,0.01
50,80,0.751166,0.01
50,81,0.755147,0.01
50,82,0.759065,0.01
50,83,0.76292,0.01
50,84,0.766713,0.01
50,85,0.770446,0.01
50,86,0.774119,0.01
50,87,0.777733,0.01
50,88,0.738846,0.01
50,89,0.743025,0.01
50,90,0.747136,0.01
50,91,0.751182,0.01
50,92,0.755163,0.01
50,93,0.759081,0.01
50,94,0.762935,0.01
50,95,0.766728,0.01
50,96,0.770461,0.01
50,97,0.774133,0.01
50,98,0.777747,0.01
50,99,0.781303,0.01
50,100,0.784802,0.01
51,1,0.50632,0.475
51,2,0.513043,0.2375
51,3,0.520011,0.11875
51,4,0.527115,0.059375
51,5,0.534277,0.029688
51,6,0.541447,0.01
51,7,0.548586,0.01
51,8,0.55567,0.01
51,9,0.562682,0.01
51,10,0.569612,0.01
51,11,0.576451,0.01
51,12,0.583194,0.01
51,13,0.58984,0.01
51,14,0.596386,0.01
51,15,0.602832,0.01
51,16,0.609179,0.01
51,17,0.615427,0.01
51,18,0.621576,0.01
51,19,0.590497,0.01
51,20,0.597046,0.01
51,21,0.603492,0.01
51,22,0.609835,0.01
51,23,0.616076,0.01
51,24,0.622218,0.01
51,25,0.628262,0.01
51,26,0.63421,0.01
51,27,0.640062,0.01
51,28,0.645821,0.01
51,29,0.651488,0.01
51,30,0.657064,0.01
51,31,0.662551,0.01
51,32,0.629423,0.01
51,33,0.635353,0.01
51,34,0.641187,0.01
51,35,0.646928,0.01
51,36,0.652577,0.01
51,37,0.658136,0.01
51,38,0.663606,0.01
51,39,0.668988,0.01
51,40,0.674284,0.01
51,41,0.679496,0.01
51,42,0.684624,0.01
51,43,0.650393,0.01
51,44,0.617873,0.01
51,45,0.623987,0.01
51,46,0.630003,0.01
51,47,0.635923,0.01
51,48,0.641748,0.01
51,49,0.64748,0.01
51,50,0.653121,0.01
51,51,0.658671,0.01
51,52,0.664132,0.01
51,53,0.669506,0.01
51,54,0.636031,0.01
51,55,0.641854,0.01
51,56,0.647584,0.01
51,57,0.653223,0.01
51,58,0.658772,0.01
51,59,0.664231,0.01
51,60,0.669603,0.01
51,61,0.67489,0.01
51,62,0.680092,0.01
51,63,0.68521,0.01
51,64,0.65095,0.01
51,65,0.656534,0.01
51,66,0.66203,0.01
51,67,0.667437,0.01
51,68,0.672758,0.01
51,69,0.677994,0.01
51,70,0.683146,0.01
51,71,0.688216,0.01
51,72,0.693205,0.01
51,73,0.698113,0.01
51,74,0.702943,0.01
51,75,0.707696,0.01
51,76,0.712373,0.01
51,77,0.716975,0.01
51,78,0.721504,0.01
51,79,0.72596,0.01
51,80,0.730344,0.01
51,81,0.734659,0.01
51,82,0.738904,0.01
51,83,0.743082,0.01
51,84,0.747192,0.01
51,85,0.751237,0.01
51,86,0.755218,0.01
51,87,0.759134,0.01
51,88,0.721177,0.01
51,89,0.725639,0.01
51,90,0.730028,0.01
51,91,0.734348,0.01
51,92,0.738598,0.01
51,93,0.742781,0.01
51,94,0.746896,0.01
51,95,0.750946,0.01
51,96,0.754931,0.01
51,97,0.758852,0.01
51,98,0.76271,0.01
51,99,0.766507,0.01
51,100,0.770243,0.01
52,1,0.50632,0.475
52,2,0.513043,0.2375
52,3,0.520011,0.11875
52,4,0.527115,0.059375
52,5,0.534277,0.029688
52,6,0.541447,0.01
52,7,0.548586,0.01
52,8,0.55567,0.01
52,9,0.562682,0.01
52,10,0.569612,0.01
52,11,0.576451,0.01
52,12,0.583194,0.01
52,13,0.58984,0.01
52,14,0.596386,0.01
52,15,0.602832,0.01
52,16,0.609179,0.01
52,17,0.615427,0.01
52,18,0.621576,0.01
52,19,0.627628,0.01
52,20,0.633584,0.01
52,21,0.639445,0.01
52,22,0.645213,0.01
52,23,0.650889,0.01
52,24,0.656475,0.01
52,25,0.661971,0.01
52,26,0.667379,0.01
52,27,0.672701,0.01
52,28,0.677937,0.01
52,29,0.68309,0.01
52,30,0.688161,0.01
52,31,0.69315,0.01
52,32,0.69806,0.01
52,33,0.702891,0.01
52,34,0.707644,0.01
52,35,0.712322,0.01
52,36,0.716925,0.01
52,37,0.721454,0.01
52,38,0.725911,0.01
52,39,0.730296,0.01
52,40,0.734612,0.01
52,41,0.738858,0.01
52,42,0.743036,0.01
52,43,0.747148,0.01
52,44,0.751193,0.01
52,45,0.755174,0.01
52,46,0.759091,0.01
52,47,0.762946,0.01
52,48,0.766739,0.01
52,49,0.770471,0.01
52,50,0.774143,0.01
52,51,0.777757,0.01
52,52,0.781313,0.01
52,53,0.742247,0.01
52,54,0.746371,0.01
52,55,0.750429,0.01
52,56,0.754423,0.01
52,57,0.758352,0.01
52,58,0.762218,0.01
52,59,0.766023,0.01
52,60,0.769766,0.01
52,61,0.77345,0.01
52,62,0.777075,0.01
52,63,0.780642,0.01
52,64,0.784151,0.01
52,65,0.787605,0.01
52,66,0.791003,0.01
52,67,0.751453,0.01
52,68,0.75543,0.01
52,69,0.759343,0.01
52,70,0.763193,0.01
52,71,0.766982,0.01
52,72,0.770711,0.01
52,73,0.774379,0.01
52,74,0.777989,0.01
52,75,0.781541,0.01
52,76,0.785037,0.01
52,77,0.788476,0.01
52,78,0.791861,0.01
52,79,0.795191,0.01
52,80,0.798468,0.01
52,81,0.801692,0.01
52,82,0.804865,0.01
52,83,0.807987,0.01
52,84,0.81106,0.01
52,85,0.814083,0.01
52,86,0.817057,0.01
52,87,0.776204,0.01
52,88,0.779785,0.01
52,89,0.740796,0.01
52,90,0.744943,0.01
52,91,0.749024,0.01
52,92,0.75304,0.01
52,93,0.756991,0.01
52,94,0.760879,0.01
52,95,0.764705,0.01
52,96,0.76847,0.01
52,97,0.772174,0.01
52,98,0.775819,0.01
52,99,0.779406,0.01
52,100,0.782936,0.01
53,1,0.50632,0.25
53,2,0.513043,0.125
53,3,0.520011,0.0625
53,4,0.527115,0.03125
53,5,0.534277,0.015625
53,6,0.541447,0.01
53,7,0.514374,0.01
53,8,0.521947,0.01
53,9,0.529457,0.01
53,10,0.536889,0.01
53,11,0.544231,0.01
53,12,0.551476,0.01
53,13,0.558619,0.01
53,14,0.565658,0.01
53,15,0.572591,0.01
53,16,0.579418,0.01
53,17,0.586139,0.01
53,18,0.592756,0.01
53,19,0.599268,0.01
53,20,0.605677,0.01
53,21,0.611984,0.01
53,22,0.618191,0.01
53,23,0.624299,0.01
53,24,0.593084,0.01
53,25,0.599594,0.01
53,26,0.606,0.01
53,27,0.612304,0.01
53,28,0.618507,0.01
53,29,0.62461,0.01
53,30,0.630616,0.01
53,31,0.636526,0.01
53,32,0.642342,0.01
53,33,0.648064,0.01
53,34,0.653695,0.01
53,35,0.659236,0.01
53,36,0.664688,0.01
53,37,0.670053,0.01
53,38,0.675333,0.01
53,39,0.680527,0.01
53,40,0.685639,0.01
53,41,0.690669,0.01
53,42,0.695618,0.01
53,43,0.700488,0.01
53,44,0.70528,0.01
53,45,0.709996,0.01
53,46,0.714636,0.01
53,47,0.719202,0.01
53,48,0.723694,0.01
53,49,0.728115,0.01
53,50,0.732465,0.01
53,51,0.736746,0.01
53,52,0.740958,0.01
53,53,0.745103,0.01
53,54,0.749181,0.01
53,55,0.753194,0.01
53,56,0.757143,0.01
53,57,0.761029,0.01
53,58,0.764852,0.01
53,59,0.768615,0.01
53,60,0.772317,0.01
53,61,0.77596,0.01
53,62,0.779544,0.01
53,63,0.783072,0.01
53,64,0.786543,0.01
53,65,0.789958,0.01
53,66,0.793319,0.01
53,67,0.796625,0.01
53,68,0.799879,0.01
53,69,0.803081,0.01
53,70,0.806232,0.01
53,71,0.809332,0.01
53,72,0.812383,0.01
53,73,0.815385,0.01
53,74,0.818339,0.01
53,75,0.821245,0.01
53,76,0.824105,0.01
53,77,0.82692,0.01
53,78,0.829689,0.01
53,79,0.832414,0.01
53,80,0.835095,0.01
53,81,0.837734,0.01
53,82,0.84033,0.01
53,83,0.842885,0.01
53,84,0.845399,0.01
53,85,0.847872,0.01
53,86,0.850306,0.01
53,87,0.852701,0.01
53,88,0.855058,0.01
53,89,0.857377,0.01
53,90,0.859659,0.01
53,91,0.861905,0.01
53,92,0.864114,0.01
53,93,0.866288,0.01
53,94,0.868428,0.01
53,95,0.870533,0.01
53,96,0.872604,0.01
53,97,0.874643,0.01
53,98,0.876648,0.01
53,99,0.878622,0.01
53,100,0.880564,0.01
54,1,0.50632,0.25
54,2,0.513043,0.125
54,3,0.487391,0.0625
54,4,0.494769,0.03125
54,5,0.502277,0.029688
54,6,0.509837,0.01
54,7,0.517397,0.01
54,8,0.524921,0.01
54,9,0.532384,0.01
54,10,0.539769,0.01
54,11,0.547065,0.01
54,12,0.554265,0.01
54,13,0.561363,0.01
54,14,0.568358,0.01
54,15,0.575248,0.01
54,16,0.582033,0.01
54,17,0.588712,0.01
54,18,0.595287,0.01
54,19,0.601759,0.01
54,20,0.608128,0.01
54,21,0.614396,0.01
54,22,0.620564,0.01
54,23,0.626634,0.01
54,24,0.632607,0.01
54,25,0.638485,0.01
54,26,0.644269,0.01
54,27,0.649961,0.01
54,28,0.655561,0.01
54,29,0.622783,0.01
54,30,0.628818,0.01
54,31,0.634757,0.01
54,32,0.640601,0.01
54,33,0.608571,0.01
54,34,0.614834,0.01
54,35,0.620996,0.01
54,36,0.62706,0.01
54,37,0.633027,0.01
54,38,0.638899,0.01
54,39,0.644677,0.01
54,40,0.650362,0.01
54,41,0.617844,0.01
54,42,0.623958,0.01
54,43,0.629975,0.01
54,44,0.635895,0.01
54,45,0.641721,0.01
54,46,0.647453,0.01
54,47,0.653094,0.01
54,48,0.658645,0.01
54,49,0.664106,0.01
54,50,0.669481,0.01
54,51,0.674769,0.01
54,52,0.679973,0.01
54,53,0.685093,0.01
54,54,0.690132,0.01
54,55,0.695089,0.01
54,56,0.699968,0.01
54,57,0.704769,0.01
54,58,0.709492,0.01
54,59,0.71414,0.01
54,60,0.718714,0.01
54,61,0.723215,0.01
54,62,0.727643,0.01
54,63,0.732001,0.01
54,64,0.736289,0.01
54,65,0.699475,0.01
54,66,0.704283,0.01
54,67,0.709014,0.01
54,68,0.71367,0.01
54,69,0.718251,0.01
54,70,0.722759,0.01
54,71,0.727195,0.01
54,72,0.73156,0.01
54,73,0.735855,0.01
54,74,0.740082,0.01
54,75,0.703077,0.01
54,76,0.707828,0.01
54,77,0.712503,0.01
54,78,0.717103,0.01
54,79,0.721629,0.01
54,80,0.726083,0.01
54,81,0.730466,0.01
54,82,0.734778,0.01
54,83,0.739022,0.01
54,84,0.743198,0.01
54,85,0.747306,0.01
54,86,0.75135,0.01
54,87,0.755328,0.01
54,88,0.759243,0.01
54,89,0.763095,0.01
54,90,0.766885,0.01
54,91,0.770615,0.01
54,92,0.774285,0.01
54,93,0.777897,0.01
54,94,0.78145,0.01
54,95,0.784947,0.01
54,96,0.788388,0.01
54,97,0.791774,0.01
54,98,0.795105,0.01
54,99,0.798384,0.01
54,100,0.80161,0.01
55,1,0.50632,0.25
55,2,0.513043,0.125
55,3,0.520011,0.0625
55,4,0.527115,0.059375
55,5,0.534277,0.029688
55,6,0.541447,0.01
55,7,0.514374,0.01
55,8,0.521947,0.01
55,9,0.529457,0.01
55,10,0.536889,0.01
55,11,0.544231,0.01
55,12,0.517019,0.01
55,13,0.5247,0.01
55,14,0.532271,0.01
55,15,0.539732,0.01
55,16,0.54708,0.01
55,17,0.554315,0.01
55,18,0.561438,0.01
55,19,0.568449,0.01
55,20,0.57535,0.01
55,21,0.582142,0.01
55,22,0.588826,0.01
55,23,0.595403,0.01
55,24,0.601876,0.01
55,25,0.608245,0.01
55,26,0.614513,0.01
55,27,0.62068,0.01
55,28,0.626749,0.01
55,29,0.632721,0.01
55,30,0.638597,0.01
55,31,0.64438,0.01
55,32,0.65007,0.01
55,33,0.655668,0.01
55,34,0.661178,0.01
55,35,0.666599,0.01
55,36,0.633269,0.01
55,37,0.639137,0.01
55,38,0.64491,0.01
55,39,0.650592,0.01
55,40,0.656182,0.01
55,41,0.661683,0.01
55,42,0.667096,0.01
55,43,0.672423,0.01
55,44,0.677664,0.01
55,45,0.682822,0.01
55,46,0.687896,0.01
55,47,0.69289,0.01
55,48,0.697804,0.01
55,49,0.702639,0.01
55,50,0.707397,0.01
55,51,0.712078,0.01
55,52,0.716685,0.01
55,53,0.721218,0.01
55,54,0.725679,0.01
55,55,0.730068,0.01
55,56,0.734387,0.01
55,57,0.738637,0.01
55,58,0.742818,0.01
55,59,0.746933,0.01
55,60,0.750982,0.01
55,61,0.754967,0.01
55,62,0.758887,0.01
55,63,0.762745,0.01
55,64,0.766541,0.01
55,65,0.770276,0.01
55,66,0.773952,0.01
55,67,0.777569,0.01
55,68,0.781128,0.01
55,69,0.78463,0.01
55,70,0.788076,0.01
55,71,0.791466,0.01
55,72,0.794803,0.01
55,73,0.798086,0.01
55,74,0.801317,0.01
55,75,0.804496,0.01
55,76,0.807624,0.01
55,77,0.810702,0.01
55,78,0.81373,0.01
55,79,0.816711,0.01
55,80,0.819643,0.01
55,81,0.822529,0.01
55,82,0.825369,0.01
55,83,0.828163,0.01
55,84,0.830912,0.01
55,85,0.833618,0.01
55,86,0.83628,0.01
55,87,0.838899,0.01
55,88,0.841477,0.01
55,89,0.844013,0.01
55,90,0.801812,0.01
55,91,0.804983,0.01
55,92,0.808104,0.01
55,93,0.811174,0.01
55,94,0.814195,0.01
55,95,0.817168,0.01
55,96,0.77631,0.01
55,97,0.779889,0.01
55,98,0.783411,0.01
55,99,0.786876,0.01
55,100,0.790286,0.01
56,1,0.50632,0.25
56,2,0.513043,0.125
56,3,0.520011,0.0625
56,4,0.527115,0.03125
56,5,0.534277,0.015625
56,6,0.541447,0.01
56,7,0.548586,0.01
56,8,0.55567,0.01
56,9,0.562682,0.01
56,10,0.569612,0.01
56,11,0.576451,0.01
56,12,0.547628,0.01
56,13,0.554833,0.01
56,14,0.561932,0.01
56,15,0.568925,0.01
56,16,0.575811,0.01
56,17,0.58259,0.01
56,18,0.589263,0.01
56,19,0.595831,0.01
56,20,0.602295,0.01
56,21,0.608656,0.01
56,22,0.614916,0.01
56,23,0.621077,0.01
56,24,0.627139,0.01
56,25,0.595782,0.01
56,26,0.602249,0.01
56,27,0.608613,0.01
56,28,0.614874,0.01
56,29,0.621036,0.01
56,30,0.6271,0.01
56,31,0.633066,0.01
56,32,0.638937,0.01
56,33,0.644714,0.01
56,34,0.650398,0.01
56,35,0.655992,0.01
56,36,0.661496,0.01
56,37,0.666912,0.01
56,38,0.672242,0.01
56,39,0.677486,0.01
56,40,0.682646,0.01
56,41,0.687724,0.01
56,42,0.69272,0.01
56,43,0.697636,0.01
56,44,0.702474,0.01
56,45,0.707235,0.01
56,46,0.711919,0.01
56,47,0.716528,0.01
56,48,0.721064,0.01
56,49,0.725527,0.01
56,50,0.729918,0.01
56,51,0.73424,0.01
56,52,0.738492,0.01
56,53,0.742676,0.01
56,54,0.746793,0.01
56,55,0.750844,0.01
56,56,0.754831,0.01
56,57,0.758754,0.01
56,58,0.762614,0.01
56,59,0.766412,0.01
56,60,0.770149,0.01
56,61,0.773827,0.01
56,62,0.777446,0.01
56,63,0.781006,0.01
56,64,0.78451,0.01
56,65,0.787958,0.01
56,66,0.791351,0.01
56,67,0.794689,0.01
56,68,0.797974,0.01
56,69,0.801207,0.01
56,70,0.804387,0.01
56,71,0.807517,0.01
56,72,0.810597,0.01
56,73,0.813627,0.01
56,74,0.816609,0.01
56,75,0.819543,0.01
56,76,0.822431,0.01
56,77,0.825272,0.01
56,78,0.828068,0.01
56,79,0.830818,0.01
56,80,0.833525,0.01
56,81,0.836189,0.01
56,82,0.83881,0.01
56,83,0.841389,0.01
56,84,0.843927,0.01
56,85,0.846424,0.01
56,86,0.848881,0.01
56,87,0.851299,0.01
56,88,0.853678,0.01
56,89,0.856019,0.01
56,90,0.858323,0.01
56,91,0.86059,0.01
56,92,0.86282,0.01
56,93,0.865015,0.01
56,94,0.867175,0.01
56,95,0.8693,0.01
56,96,0.871392,0.01
56,97,0.873449,0.01
56,98,0.875474,0.01
56,99,0.8317,0.01
56,100,0.834393,0.01
57,1,0.50632,0.25
57,2,0.513043,0.125
57,3,0.520011,0.0625
57,4,0.527115,0.03125
57,5,0.534277,0.015625
57,6,0.541447,0.01
57,7,0.548586,0.01
57,8,0.55567,0.01
57,9,0.562682,0.01
57,10,0.569612,0.01
57,11,0.576451,0.01
57,12,0.583194,0.01
57,13,0.58984,0.01
57,14,0.560348,0.01
57,15,0.53233,0.01
57,16,0.539797,0.01
57,17,0.547149,0.01
57,18,0.554386,0.01
57,19,0.561511,0.01
57,20,0.568522,0.01
57,21,0.575423,0.01
57,22,0.582215,0.01
57,23,0.588898,0.01
57,24,0.595475,0.01
57,25,0.601946,0.01
57,26,0.608315,0.01
57,27,0.614581,0.01
57,28,0.620748,0.01
57,29,0.626816,0.01
57,30,0.632787,0.01
57,31,0.638662,0.01
57,32,0.644443,0.01
57,33,0.650132,0.01
57,34,0.65573,0.01
57,35,0.661238,0.01
57,36,0.666658,0.01
57,37,0.671992,0.01
57,38,0.67724,0.01
57,39,0.682404,0.01
57,40,0.687486,0.01
57,41,0.692486,0.01
57,42,0.697406,0.01
57,43,0.702248,0.01
57,44,0.707012,0.01
57,45,0.7117,0.01
57,46,0.716312,0.01
57,47,0.720851,0.01
57,48,0.725318,0.01
57,49,0.729713,0.01
57,50,0.734037,0.01
57,51,0.738293,0.01
57,52,0.74248,0.01
57,53,0.7466,0.01
57,54,0.750655,0.01
57,55,0.754644,0.01
57,56,0.75857,0.01
57,57,0.762433,0.01
57,58,0.766234,0.01
57,59,0.769974,0.01
57,60,0.773655,0.01
57,61,0.777276,0.01
57,62,0.78084,0.01
57,63,0.784346,0.01
57,64,0.787797,0.01
57,65,0.791192,0.01
57,66,0.794533,0.01
57,67,0.79782,0.01
57,68,0.801055,0.01
57,69,0.804238,0.01
57,70,0.80737,0.01
57,71,0.810453,0.01
57,72,0.813485,0.01
57,73,0.81647,0.01
57,74,0.819406,0.01
57,75,0.822296,0.01
57,76,0.825139,0.01
57,77,0.827937,0.01
57,78,0.83069,0.01
57,79,0.833399,0.01
57,80,0.836064,0.01
57,81,0.838687,0.01
57,82,0.841268,0.01
57,83,0.843808,0.01
57,84,0.846307,0.01
57,85,0.848766,0.01
57,86,0.851186,0.01
57,87,0.853567,0.01
57,88,0.810888,0.01
57,89,0.813914,0.01
57,90,0.816892,0.01
57,91,0.819821,0.01
57,92,0.822704,0.01
57,93,0.825541,0.01
57,94,0.828332,0.01
57,95,0.831079,0.01
57,96,0.833782,0.01
57,97,0.836441,0.01
57,98,0.839058,0.01
57,99,0.841633,0.01
57,100,0.844167,0.01
58,1,0.50632,0.25
58,2,0.513043,0.125
58,3,0.520011,0.0625
58,4,0.527115,0.03125
58,5,0.534277,0.015625
58,6,0.541447,0.01
58,7,0.548586,0.01
58,8,0.55567,0.01
58,9,0.562682,0.01
58,10,0.534548,0.01
58,11,0.541928,0.01
58,12,0.549209,0.01
58,13,0.556389,0.01
58,14,0.563463,0.01
58,15,0.570432,0.01
58,16,0.577293,0.01
58,17,0.584049,0.01
58,18,0.590698,0.01
58,19,0.597243,0.01
58,20,0.603685,0.01
58,21,0.610024,0.01
58,22,0.616262,0.01
58,23,0.622401,0.01
58,24,0.628442,0.01
58,25,0.634386,0.01
58,26,0.640236,0.01
58,27,0.645992,0.01
58,28,0.651656,0.01
58,29,0.657229,0.01
58,30,0.624368,0.01
58,31,0.593149,0.01
58,32,0.599659,0.01
58,33,0.606064,0.01
58,34,0.612367,0.01
58,35,0.618569,0.01
58,36,0.624672,0.01
58,37,0.630677,0.01
58,38,0.636587,0.01
58,39,0.642401,0.01
58,40,0.648123,0.01
58,41,0.653753,0.01
58,42,0.621065,0.01
58,43,0.627128,0.01
58,44,0.633094,0.01
58,45,0.638965,0.01
58,46,0.644741,0.01
58,47,0.650425,0.01
58,48,0.656018,0.01
58,49,0.661522,0.01
58,50,0.628446,0.01
58,51,0.634391,0.01
58,52,0.640241,0.01
58,53,0.645997,0.01
58,54,0.651661,0.01
58,55,0.657234,0.01
58,56,0.662719,0.01
58,57,0.668115,0.01
58,58,0.673425,0.01
58,59,0.67865,0.01
58,60,0.683792,0.01
58,61,0.688851,0.01
58,62,0.69383,0.01
58,63,0.698728,0.01
58,64,0.703549,0.01
58,65,0.708292,0.01
58,66,0.712959,0.01
58,67,0.717552,0.01
58,68,0.722071,0.01
58,69,0.726518,0.01
58,70,0.730894,0.01
58,71,0.735199,0.01
58,72,0.739436,0.01
58,73,0.743605,0.01
58,74,0.747708,0.01
58,75,0.751744,0.01
58,76,0.755716,0.01
58,77,0.759625,0.01
58,78,0.763471,0.01
58,79,0.767255,0.01
58,80,0.770979,0.01
58,81,0.774644,0.01
58,82,0.778249,0.01
58,83,0.781797,0.01
58,84,0.785289,0.01
58,85,0.788724,0.01
58,86,0.792104,0.01
58,87,0.795431,0.01
58,88,0.798704,0.01
58,89,0.801925,0.01
58,90,0.761828,0.01
58,91,0.765639,0.01
58,92,0.769389,0.01
58,93,0.773079,0.01
58,94,0.776709,0.01
58,95,0.780282,0.01
58,96,0.783797,0.01
58,97,0.787257,0.01
58,98,0.790661,0.01
58,99,0.79401,0.01
58,100,0.797306,0.01
59,1,0.50632,0.25
59,2,0.513043,0.125
59,3,0.520011,0.0625
59,4,0.527115,0.03125
59,5,0.534277,0.015625
59,6,0.541447,0.01
59,7,0.548586,0.01
59,8,0.55567,0.01
59,9,0.562682,0.01
59,10,0.569612,0.01
59,11,0.576451,0.01
59,12,0.583194,0.01
59,13,0.58984,0.01
59,14,0.596386,0.01
59,15,0.602832,0.01
59,16,0.609179,0.01
59,17,0.615427,0.01
59,18,0.621576,0.01
59,19,0.627628,0.01
59,20,0.633584,0.01
59,21,0.639445,0.01
59,22,0.645213,0.01
59,23,0.650889,0.01
59,24,0.656475,0.01
59,25,0.661971,0.01
59,26,0.667379,0.01
59,27,0.672701,0.01
59,28,0.677937,0.01
59,29,0.68309,0.01
59,30,0.648936,0.01
59,31,0.616489,0.01
59,32,0.622625,0.01
59,33,0.628663,0.01
59,34,0.634604,0.01
59,35,0.640451,0.01
59,36,0.646204,0.01
59,37,0.651864,0.01
59,38,0.657434,0.01
59,39,0.624563,0.01
59,40,0.63057,0.01
59,41,0.636481,0.01
59,42,0.642297,0.01
59,43,0.64802,0.01
59,44,0.653652,0.01
59,45,0.659193,0.01
59,46,0.664646,0.01
59,47,0.670012,0.01
59,48,0.675292,0.01
59,49,0.680487,0.01
59,50,0.685599,0.01
59,51,0.69063,0.01
59,52,0.69558,0.01
59,53,0.70045,0.01
59,54,0.705243,0.01
59,55,0.709959,0.01
59,56,0.7146,0.01
59,57,0.67887,0.01
59,58,0.684008,0.01
59,59,0.689064,0.01
59,60,0.694039,0.01
59,61,0.698934,0.01
59,62,0.703751,0.01
59,63,0.708491,0.01
59,64,0.713155,0.01
59,65,0.717745,0.01
59,66,0.722261,0.01
59,67,0.726705,0.01
59,68,0.731078,0.01
59,69,0.73538,0.01
59,70,0.739614,0.01
59,71,0.74378,0.01
59,72,0.74788,0.01
59,73,0.751914,0.01
59,74,0.755883,0.01
59,75,0.759789,0.01
59,76,0.763632,0.01
59,77,0.767414,0.01
59,78,0.771136,0.01
59,79,0.774798,0.01
59,80,0.778401,0.01
59,81,0.781946,0.01
59,82,0.785435,0.01
59,83,0.788868,0.01
59,84,0.792246,0.01
59,85,0.79557,0.01
59,86,0.798841,0.01
59,87,0.80206,0.01
59,88,0.805227,0.01
59,89,0.808343,0.01
59,90,0.81141,0.01
59,91,0.814427,0.01
59,92,0.817396,0.01
59,93,0.820318,0.01
59,94,0.823193,0.01
59,95,0.826022,0.01
59,96,0.784721,0.01
59,97,0.788165,0.01
59,98,0.791555,0.01
59,99,0.79489,0.01
59,100,0.798171,0.01
60,1,0.50632,0.25
60,2,0.513043,0.125
60,3,0.520011,0.0625
60,4,0.527115,0.059375
60,5,0.534277,0.029688
60,6,0.541447,0.01
60,7,0.548586,0.01
60,8,0.55567,0.01
60,9,0.562682,0.01
60,10,0.569612,0.01
60,11,0.576451,0.01
60,12,0.583194,0.01
60,13,0.58984,0.01
60,14,0.596386,0.01
60,15,0.602832,0.01
60,16,0.609179,0.01
60,17,0.615427,0.01
60,18,0.584655,0.01
60,19,0.555423,0.01
60,20,0.562532,0.01
60,21,0.569529,0.01
60,22,0.576414,0.01
60,23,0.58319,0.01
60,24,0.589858,0.01
60,25,0.59642,0.01
60,26,0.602877,0.01
60,27,0.60923,0.01
60,28,0.615483,0.01
60,29,0.584708,0.01
60,30,0.591353,0.01
60,31,0.597891,0.01
60,32,0.604325,0.01
60,33,0.610656,0.01
60,34,0.616885,0.01
60,35,0.623015,0.01
60,36,0.629047,0.01
60,37,0.634982,0.01
60,38,0.603233,0.01
60,39,0.609581,0.01
60,40,0.615828,0.01
60,41,0.621974,0.01
60,42,0.628023,0.01
60,43,0.633975,0.01
60,44,0.639831,0.01
60,45,0.645594,0.01
60,46,0.613314,0.01
60,47,0.619501,0.01
60,48,0.625589,0.01
60,49,0.594309,0.01
60,50,0.6008,0.01
60,51,0.607188,0.01
60,52,0.613473,0.01
60,53,0.619657,0.01
60,54,0.588674,0.01
60,55,0.595255,0.01
60,56,0.601731,0.01
60,57,0.608104,0.01
60,58,0.614374,0.01
60,59,0.620544,0.01
60,60,0.626615,0.01
60,61,0.632589,0.01
60,62,0.638468,0.01
60,63,0.644253,0.01
60,64,0.649945,0.01
60,65,0.655545,0.01
60,66,0.661057,0.01
60,67,0.66648,0.01
60,68,0.671816,0.01
60,69,0.677067,0.01
60,70,0.682234,0.01
60,71,0.687318,0.01
60,72,0.692321,0.01
60,73,0.697244,0.01
60,74,0.702088,0.01
60,75,0.706855,0.01
60,76,0.671512,0.01
60,77,0.637936,0.01
60,78,0.643729,0.01
60,79,0.64943,0.01
60,80,0.655039,0.01
60,81,0.660558,0.01
60,82,0.665989,0.01
60,83,0.671333,0.01
60,84,0.676592,0.01
60,85,0.681767,0.01
60,86,0.686858,0.01
60,87,0.691869,0.01
60,88,0.696799,0.01
60,89,0.70165,0.01
60,90,0.706424,0.01
60,91,0.711121,0.01
60,92,0.715743,0.01
60,93,0.720291,0.01
60,94,0.724766,0.01
60,95,0.72917,0.01
60,96,0.733503,0.01
60,97,0.737767,0.01
60,98,0.741963,0.01
60,99,0.746092,0.01
60,100,0.750154,0.01
61,1,0.50632,0.25
61,2,0.513043,0.125
61,3,0.520011,0.11875
61,4,0.527115,0.059375
61,5,0.534277,0.029688
61,6,0.541447,0.01
61,7,0.548586,0.01
61,8,0.55567,0.01
61,9,0.562682,0.01
61,10,0.534548,0.01
61,11,0.541928,0.01
61,12,0.549209,0.01
61,13,0.556389,0.01
61,14,0.563463,0.01
61,15,0.570432,0.01
61,16,0.577293,0.01
61,17,0.584049,0.01
61,18,0.554846,0.01
61,19,0.561963,0.01
61,20,0.568968,0.01
61,21,0.575862,0.01
61,22,0.582646,0.01
61,23,0.589322,0.01
61,24,0.595892,0.01
61,25,0.602357,0.01
61,26,0.572239,0.01
61,27,0.579083,0.01
61,28,0.585817,0.01
61,29,0.592444,0.01
61,30,0.562822,0.01
61,31,0.569817,0.01
61,32,0.576699,0.01
61,33,0.583472,0.01
61,34,0.590137,0.01
61,35,0.596694,0.01
61,36,0.603147,0.01
61,37,0.609497,0.01
61,38,0.615745,0.01
61,39,0.621893,0.01
61,40,0.627943,0.01
61,41,0.633896,0.01
61,42,0.639753,0.01
61,43,0.607766,0.01
61,44,0.614041,0.01
61,45,0.620217,0.01
61,46,0.626293,0.01
61,47,0.632273,0.01
61,48,0.638156,0.01
61,49,0.643946,0.01
61,50,0.649643,0.01
61,51,0.655248,0.01
61,52,0.660764,0.01
61,53,0.666192,0.01
61,54,0.671533,0.01
61,55,0.676788,0.01
61,56,0.68196,0.01
61,57,0.687048,0.01
61,58,0.692056,0.01
61,59,0.696983,0.01
61,60,0.701831,0.01
61,61,0.706602,0.01
61,62,0.711296,0.01
61,63,0.715915,0.01
61,64,0.720461,0.01
61,65,0.724933,0.01
61,66,0.729334,0.01
61,67,0.733665,0.01
61,68,0.737926,0.01
61,69,0.74212,0.01
61,70,0.746246,0.01
61,71,0.750306,0.01
61,72,0.754301,0.01
61,73,0.758232,0.01
61,74,0.7621,0.01
61,75,0.765907,0.01
61,76,0.769652,0.01
61,77,0.773338,0.01
61,78,0.776964,0.01
61,79,0.780533,0.01
61,80,0.784044,0.01
61,81,0.7875,0.01
61,82,0.7909,0.01
61,83,0.794245,0.01
61,84,0.797537,0.01
61,85,0.800777,0.01
61,86,0.803964,0.01
61,87,0.807101,0.01
61,88,0.810187,0.01
61,89,0.813224,0.01
61,90,0.816213,0.01
61,91,0.819153,0.01
61,92,0.822047,0.01
61,93,0.824894,0.01
61,94,0.783649,0.01
61,95,0.787111,0.01
61,96,0.790517,0.01
61,97,0.793869,0.01
61,98,0.797167,0.01
61,99,0.800412,0.01
61,100,0.803606,0.01
62,1,0.475,0.25
62,2,0.48172,0.125
62,3,0.488836,0.0625
62,4,0.496192,0.03125
62,5,0.503677,0.015625
62,6,0.511214,0.014844
62,7,0.518753,0.01
62,8,0.526255,0.01
62,9,0.533696,0.01
62,10,0.54106,0.01
62,11,0.548336,0.01
62,12,0.555515,0.01
62,13,0.562593,0.01
62,14,0.569569,0.01
62,15,0.576439,0.01
62,16,0.547617,0.01
62,17,0.554844,0.01
62,18,0.561959,0.01
62,19,0.568962,0.01
62,20,0.575854,0.01
62,21,0.582638,0.01
62,22,0.589314,0.01
62,23,0.595883,0.01
62,24,0.602348,0.01
62,25,0.60871,0.01
62,26,0.61497,0.01
62,27,0.621131,0.01
62,28,0.627192,0.01
62,29,0.633157,0.01
62,30,0.639026,0.01
62,31,0.644802,0.01
62,32,0.650485,0.01
62,33,0.656077,0.01
62,34,0.66158,0.01
62,35,0.666995,0.01
62,36,0.672323,0.01
62,37,0.677566,0.01
62,38,0.682724,0.01
62,39,0.687801,0.01
62,40,0.692796,0.01
62,41,0.697711,0.01
62,42,0.702548,0.01
62,43,0.707307,0.01
62,44,0.71199,0.01
62,45,0.716598,0.01
62,46,0.721133,0.01
62,47,0.725595,0.01
62,48,0.729985,0.01
62,49,0.734305,0.01
62,50,0.738557,0.01
62,51,0.74274,0.01
62,52,0.746856,0.01
62,53,0.750906,0.01
62,54,0.754892,0.01
62,55,0.758813,0.01
62,56,0.762672,0.01
62,57,0.76647,0.01
62,58,0.770206,0.01
62,59,0.773883,0.01
62,60,0.777501,0.01
62,61,0.781061,0.01
62,62,0.784564,0.01
62,63,0.788011,0.01
62,64,0.791402,0.01
62,65,0.79474,0.01
62,66,0.798024,0.01
62,67,0.801256,0.01
62,68,0.804436,0.01
62,69,0.807565,0.01
62,70,0.810644,0.01
62,71,0.813673,0.01
62,72,0.816655,0.01
62,73,0.819588,0.01
62,74,0.822475,0.01
62,75,0.825315,0.01
62,76,0.82811,0.01
62,77,0.83086,0.01
62,78,0.833567,0.01
62,79,0.83623,0.01
62,80,0.83885,0.01
62,81,0.841428,0.01
62,82,0.843965,0.01
62,83,0.846462,0.01
62,84,0.848919,0.01
62,85,0.806473,0.01
62,86,0.809569,0.01
62,87,0.812616,0.01
62,88,0.815614,0.01
62,89,0.818564,0.01
62,90,0.821467,0.01
62,91,0.824324,0.01
62,92,0.827135,0.01
62,93,0.785778,0.01
62,94,0.789205,0.01
62,95,0.792578,0.01
62,96,0.795897,0.01
62,97,0.799163,0.01
62,98,0.802376,0.01
62,99,0.805538,0.01
62,100,0.808649,0.01
63,1,0.50632,0.25
63,2,0.481004,0.125
63,3,0.488132,0.0625
63,4,0.495499,0.03125
63,5,0.502994,0.015625
63,6,0.510543,0.01
63,7,0.518092,0.01
63,8,0.525605,0.01
63,9,0.533057,0.01
63,10,0.540431,0.01
63,11,0.547716,0.01
63,12,0.554906,0.01
63,13,0.561994,0.01
63,14,0.533894,0.01
63,15,0.541329,0.01
63,16,0.548651,0.01
63,17,0.555861,0.01
63,18,0.562959,0.01
63,19,0.569947,0.01
63,20,0.576824,0.01
63,21,0.583592,0.01
63,22,0.590252,0.01
63,23,0.596807,0.01
63,24,0.603257,0.01
63,25,0.609604,0.01
63,26,0.61585,0.01
63,27,0.621996,0.01
63,28,0.628044,0.01
63,29,0.633995,0.01
63,30,0.639851,0.01
63,31,0.645613,0.01
63,32,0.651284,0.01
63,33,0.656863,0.01
63,34,0.662353,0.01
63,35,0.667755,0.01
63,36,0.673071,0.01
63,37,0.678302,0.01
63,38,0.683449,0.01
63,39,0.688514,0.01
63,40,0.693498,0.01
63,41,0.698402,0.01
63,42,0.703228,0.01
63,43,0.707976,0.01
63,44,0.712648,0.01
63,45,0.717246,0.01
63,46,0.72177,0.01
63,47,0.726222,0.01
63,48,0.730602,0.01
63,49,0.734912,0.01
63,50,0.739154,0.01
63,51,0.743327,0.01
63,52,0.747434,0.01
63,53,0.751475,0.01
63,54,0.755452,0.01
63,55,0.759364,0.01
63,56,0.763215,0.01
63,57,0.767003,0.01
63,58,0.770731,0.01
63,59,0.774399,0.01
63,60,0.778009,0.01
63,61,0.781561,0.01
63,62,0.785056,0.01
63,63,0.788495,0.01
63,64,0.791879,0.01
63,65,0.795209,0.01
63,66,0.798486,0.01
63,67,0.80171,0.01
63,68,0.804883,0.01
63,69,0.808004,0.01
63,70,0.811076,0.01
63,71,0.814099,0.01
63,72,0.817074,0.01
63,73,0.82,0.01
63,74,0.82288,0.01
63,75,0.825714,0.01
63,76,0.828503,0.01
63,77,0.831247,0.01
63,78,0.833947,0.01
63,79,0.836604,0.01
63,80,0.839218,0.01
63,81,0.841791,0.01
63,82,0.799701,0.01
63,83,0.802906,0.01
63,84,0.806059,0.01
63,85,0.809162,0.01
63,86,0.812216,0.01
63,87,0.81522,0.01
63,88,0.818177,0.01
63,89,0.821086,0.01
63,90,0.823949,0.01
63,91,0.826765,0.01
63,92,0.829537,0.01
63,93,0.832265,0.01
63,94,0.834948,0.01
63,95,0.837589,0.01
63,96,0.79571,0.01
63,97,0.798978,0.01
63,98,0.802195,0.01
63,99,0.80536,0.01
63,100,0.808474,0.01
64,1,0.50632,0.25
64,2,0.513043,0.125
64,3,0.520011,0.0625
64,4,0.527115,0.03125
64,5,0.534277,0.015625
64,6,0.541447,0.01
64,7,0.548586,0.01
64,8,0.521156,0.01
64,9,0.495099,0.01
64,10,0.503039,0.01
64,11,0.510893,0.01
64,12,0.485349,0.01
64,13,0.493515,0.01
64,14,0.501572,0.01
64,15,0.509513,0.01
64,16,0.517338,0.01
64,17,0.525044,0.01
64,18,0.532632,0.01
64,19,0.540102,0.01
64,20,0.547455,0.01
64,21,0.554691,0.01
64,22,0.561814,0.01
64,23,0.568823,0.01
64,24,0.57572,0.01
64,25,0.582508,0.01
64,26,0.589187,0.01
64,27,0.59576,0.01
64,28,0.602227,0.01
64,29,0.608591,0.01
64,30,0.614854,0.01
64,31,0.621016,0.01
64,32,0.627079,0.01
64,33,0.633046,0.01
64,34,0.638917,0.01
64,35,0.644695,0.01
64,36,0.65038,0.01
64,37,0.655973,0.01
64,38,0.661478,0.01
64,39,0.666894,0.01
64,40,0.672224,0.01
64,41,0.677468,0.01
64,42,0.682629,0.01
64,43,0.687707,0.01
64,44,0.692703,0.01
64,45,0.69762,0.01
64,46,0.702458,0.01
64,47,0.707219,0.01
64,48,0.711903,0.01
64,49,0.716513,0.01
64,50,0.721049,0.01
64,51,0.725512,0.01
64,52,0.729904,0.01
64,53,0.734225,0.01
64,54,0.697514,0.01
64,55,0.702354,0.01
64,56,0.667236,0.01
64,57,0.67256,0.01
64,58,0.677799,0.01
64,59,0.682955,0.01
64,60,0.688027,0.01
64,61,0.693019,0.01
64,62,0.697931,0.01
64,63,0.702764,0.01
64,64,0.707519,0.01
64,65,0.712199,0.01
64,66,0.716804,0.01
64,67,0.721335,0.01
64,68,0.725794,0.01
64,69,0.730181,0.01
64,70,0.734498,0.01
64,71,0.738746,0.01
64,72,0.742926,0.01
64,73,0.747039,0.01
64,74,0.751087,0.01
64,75,0.755069,0.01
64,76,0.758988,0.01
64,77,0.762844,0.01
64,78,0.724702,0.01
64,79,0.729107,0.01
64,80,0.733441,0.01
64,81,0.737706,0.01
64,82,0.741903,0.01
64,83,0.746033,0.01
64,84,0.750096,0.01
64,85,0.754094,0.01
64,86,0.758029,0.01
64,87,0.7619,0.01
64,88,0.76571,0.01
64,89,0.769459,0.01
64,90,0.773147,0.01
64,91,0.776777,0.01
64,92,0.780349,0.01
64,93,0.783863,0.01
64,94,0.787321,0.01
64,95,0.790724,0.01
64,96,0.794072,0.01
64,97,0.797367,0.01
64,98,0.800609,0.01
64,99,0.760579,0.01
64,100,0.76441,0.01
65,1,0.50632,0.475
65,2,0.513043,0.2375
65,3,0.520011,0.11875
65,4,0.527115,0.059375
65,5,0.534277,0.029688
65,6,0.541447,0.01
65,7,0.548586,0.01
65,8,0.55567,0.01
65,9,0.562682,0.01
65,10,0.569612,0.01
65,11,0.576451,0.01
65,12,0.583194,0.01
65,13,0.58984,0.01
65,14,0.596386,0.01
65,15,0.602832,0.01
65,16,0.609179,0.01
65,17,0.615427,0.01
65,18,0.621576,0.01
65,19,0.627628,0.01
65,20,0.633584,0.01
65,21,0.639445,0.01
65,22,0.645213,0.01
65,23,0.650889,0.01
65,24,0.656475,0.01
65,25,0.661971,0.01
65,26,0.667379,0.01
65,27,0.672701,0.01
65,28,0.639066,0.01
65,29,0.64484,0.01
65,30,0.650523,0.01
65,31,0.656115,0.01
65,32,0.661617,0.01
65,33,0.667031,0.01
65,34,0.672358,0.01
65,35,0.677601,0.01
65,36,0.64372,0.01
65,37,0.649421,0.01
65,38,0.65503,0.01
65,39,0.66055,0.01
65,40,0.665981,0.01
65,41,0.671325,0.01
65,42,0.676584,0.01
65,43,0.681759,0.01
65,44,0.686851,0.01
65,45,0.691861,0.01
65,46,0.696791,0.01
65,47,0.701642,0.01
65,48,0.706416,0.01
65,49,0.711114,0.01
65,50,0.715736,0.01
65,51,0.720284,0.01
65,52,0.724759,0.01
65,53,0.729163,0.01
65,54,0.733497,0.01
65,55,0.737761,0.01
65,56,0.741957,0.01
65,57,0.746085,0.01
65,58,0.750148,0.01
65,59,0.754146,0.01
65,60,0.758079,0.01
65,61,0.76195,0.01
65,62,0.765759,0.01
65,63,0.769507,0.01
65,64,0.773194,0.01
65,65,0.776823,0.01
65,66,0.780394,0.01
65,67,0.783908,0.01
65,68,0.787365,0.01
65,69,0.790768,0.01
65,70,0.794115,0.01
65,71,0.797409,0.01
65,72,0.800651,0.01
65,73,0.80384,0.01
65,74,0.806979,0.01
65,75,0.810067,0.01
65,76,0.813106,0.01
65,77,0.816097,0.01
65,78,0.819039,0.01
65,79,0.821934,0.01
65,80,0.824783,0.01
65,81,0.827587,0.01
65,82,0.830345,0.01
65,83,0.83306,0.01
65,84,0.835731,0.01
65,85,0.838359,0.01
65,86,0.840946,0.01
65,87,0.84349,0.01
65,88,0.801316,0.01
65,89,0.804495,0.01
65,90,0.807623,0.01
65,91,0.810701,0.01
65,92,0.81373,0.01
65,93,0.81671,0.01
65,94,0.819643,0.01
65,95,0.778661,0.01
65,96,0.782202,0.01
65,97,0.785687,0.01
65,98,0.789116,0.01
65,99,0.79249,0.01
65,100,0.79581,0.01
66,1,0.50632,0.25
66,2,0.513043,0.125
66,3,0.520011,0.0625
66,4,0.527115,0.03125
66,5,0.534277,0.015625
66,6,0.541447,0.01
66,7,0.548586,0.01
66,8,0.55567,0.01
66,9,0.562682,0.01
66,10,0.569612,0.01
66,11,0.576451,0.01
66,12,0.583194,0.01
66,13,0.58984,0.01
66,14,0.596386,0.01
66,15,0.602832,0.01
66,16,0.572691,0.01
66,17,0.544056,0.01
66,18,0.551343,0.01
66,19,0.558516,0.01
66,20,0.565576,0.01
66,21,0.572524,0.01
66,22,0.579362,0.01
66,23,0.586091,0.01
66,24,0.592712,0.01
66,25,0.599228,0.01
66,26,0.60564,0.01
66,27,0.61195,0.01
66,28,0.618158,0.01
66,29,0.624268,0.01
66,30,0.630279,0.01
66,31,0.636195,0.01
66,32,0.642015,0.01
66,33,0.609915,0.01
66,34,0.616156,0.01
66,35,0.622297,0.01
66,36,0.628341,0.01
66,37,0.634287,0.01
66,38,0.640139,0.01
66,39,0.645896,0.01
66,40,0.651562,0.01
66,41,0.657137,0.01
66,42,0.662623,0.01
66,43,0.668021,0.01
66,44,0.673333,0.01
66,45,0.678559,0.01
66,46,0.683702,0.01
66,47,0.688763,0.01
66,48,0.693743,0.01
66,49,0.698643,0.01
66,50,0.703465,0.01
66,51,0.668291,0.01
66,52,0.673599,0.01
66,53,0.678821,0.01
66,54,0.68396,0.01
66,55,0.689017,0.01
66,56,0.693992,0.01
66,57,0.698889,0.01
66,58,0.703706,0.01
66,59,0.708447,0.01
66,60,0.713112,0.01
66,61,0.717702,0.01
66,62,0.722219,0.01
66,63,0.726663,0.01
66,64,0.731037,0.01
66,65,0.73534,0.01
66,66,0.739575,0.01
66,67,0.702596,0.01
66,68,0.707354,0.01
66,69,0.712037,0.01
66,70,0.716644,0.01
66,71,0.721178,0.01
66,72,0.725639,0.01
66,73,0.689357,0.01
66,74,0.694327,0.01
66,75,0.699218,0.01
66,76,0.704031,0.01
66,77,0.708766,0.01
66,78,0.713426,0.01
66,79,0.718011,0.01
66,80,0.722523,0.01
66,81,0.726963,0.01
66,82,0.731331,0.01
66,83,0.73563,0.01
66,84,0.73986,0.01
66,85,0.744022,0.01
66,86,0.748118,0.01
66,87,0.752148,0.01
66,88,0.756113,0.01
66,89,0.760016,0.01
66,90,0.763855,0.01
66,91,0.767634,0.01
66,92,0.771352,0.01
66,93,0.732784,0.01
66,94,0.737059,0.01
66,95,0.741266,0.01
66,96,0.745406,0.01
66,97,0.74948,0.01
66,98,0.753488,0.01
66,99,0.757432,0.01
66,100,0.761313,0.01
67,1,0.50632,0.25
67,2,0.513043,0.125
67,3,0.520011,0.0625
67,4,0.527115,0.03125
67,5,0.534277,0.029688
67,6,0.541447,0.01
67,7,0.548586,0.01
67,8,0.55567,0.01
67,9,0.562682,0.01
67,10,0.569612,0.01
67,11,0.541131,0.01
67,12,0.548426,0.01
67,13,0.555618,0.01
67,14,0.562704,0.01
67,15,0.569685,0.01
67,16,0.576559,0.01
67,17,0.583326,0.01
67,18,0.589987,0.01
67,19,0.596543,0.01
67,20,0.602996,0.01
67,21,0.609346,0.01
67,22,0.615595,0.01
67,23,0.621745,0.01
67,24,0.627796,0.01
67,25,0.596406,0.01
67,26,0.602863,0.01
67,27,0.609217,0.01
67,28,0.615469,0.01
67,29,0.621622,0.01
67,30,0.627676,0.01
67,31,0.633633,0.01
67,32,0.639495,0.01
67,33,0.645263,0.01
67,34,0.650938,0.01
67,35,0.618392,0.01
67,36,0.624497,0.01
67,37,0.630505,0.01
67,38,0.59898,0.01
67,39,0.605396,0.01
67,40,0.61171,0.01
67,41,0.617923,0.01
67,42,0.624036,0.01
67,43,0.630051,0.01
67,44,0.63597,0.01
67,45,0.641795,0.01
67,46,0.647526,0.01
67,47,0.653166,0.01
67,48,0.658715,0.01
67,49,0.625779,0.01
67,50,0.631767,0.01
67,51,0.637659,0.01
67,52,0.643456,0.01
67,53,0.649161,0.01
67,54,0.654774,0.01
67,55,0.660298,0.01
67,56,0.627283,0.01
67,57,0.633246,0.01
67,58,0.639114,0.01
67,59,0.644889,0.01
67,60,0.65057,0.01
67,61,0.656161,0.01
67,62,0.661663,0.01
67,63,0.667076,0.01
67,64,0.672403,0.01
67,65,0.677644,0.01
67,66,0.682802,0.01
67,67,0.687877,0.01
67,68,0.692871,0.01
67,69,0.697785,0.01
67,70,0.702621,0.01
67,71,0.707379,0.01
67,72,0.712061,0.01
67,73,0.716668,0.01
67,74,0.721201,0.01
67,75,0.725662,0.01
67,76,0.730051,0.01
67,77,0.73437,0.01
67,78,0.738621,0.01
67,79,0.742803,0.01
67,80,0.746918,0.01
67,81,0.709572,0.01
67,82,0.714219,0.01
67,83,0.718791,0.01
67,84,0.723291,0.01
67,85,0.727718,0.01
67,86,0.732074,0.01
67,87,0.736361,0.01
67,88,0.740579,0.01
67,89,0.74473,0.01
67,90,0.748815,0.01
67,91,0.752833,0.01
67,92,0.756788,0.01
67,93,0.76068,0.01
67,94,0.722646,0.01
67,95,0.727083,0.01
67,96,0.73145,0.01
67,97,0.694877,0.01
67,98,0.660134,0.01
67,99,0.665571,0.01
67,100,0.670922,0.01
68,1,0.50632,0.475
68,2,0.513043,0.2375
68,3,0.520011,0.11875
68,4,0.527115,0.059375
68,5,0.534277,0.029688
68,6,0.541447,0.01
68,7,0.548586,0.01
68,8,0.55567,0.01
68,9,0.562682,0.01
68,10,0.569612,0.01
68,11,0.541131,0.01
68,12,0.548426,0.01
68,13,0.555618,0.01
68,14,0.562704,0.01
68,15,0.569685,0.01
68,16,0.576559,0.01
68,17,0.583326,0.01
68,18,0.554159,0.01
68,19,0.561287,0.01
68,20,0.568303,0.01
68,21,0.575207,0.01
68,22,0.582002,0.01
68,23,0.588689,0.01
68,24,0.595269,0.01
68,25,0.601744,0.01
68,26,0.608115,0.01
68,27,0.614385,0.01
68,28,0.583666,0.01
68,29,0.590327,0.01
68,30,0.596882,0.01
68,31,0.603331,0.01
68,32,0.573165,0.01
68,33,0.579994,0.01
68,34,0.586714,0.01
68,35,0.593327,0.01
68,36,0.599833,0.01
68,37,0.606236,0.01
68,38,0.612536,0.01
68,39,0.618736,0.01
68,40,0.624836,0.01
68,41,0.630839,0.01
68,42,0.599297,0.01
68,43,0.605708,0.01
68,44,0.612017,0.01
68,45,0.618224,0.01
68,46,0.624333,0.01
68,47,0.630343,0.01
68,48,0.636258,0.01
68,49,0.642078,0.01
68,50,0.647804,0.01
68,51,0.65344,0.01
68,52,0.658985,0.01
68,53,0.664441,0.01
68,54,0.66981,0.01
68,55,0.675093,0.01
68,56,0.680291,0.01
68,57,0.685407,0.01
68,58,0.651136,0.01
68,59,0.656718,0.01
68,60,0.623882,0.01
68,61,0.6299,0.01
68,62,0.635822,0.01
68,63,0.641649,0.01
68,64,0.647382,0.01
68,65,0.653024,0.01
68,66,0.658576,0.01
68,67,0.664038,0.01
68,68,0.669414,0.01
68,69,0.674703,0.01
68,70,0.679908,0.01
68,71,0.685029,0.01
68,72,0.690069,0.01
68,73,0.695028,0.01
68,74,0.699907,0.01
68,75,0.704709,0.01
68,76,0.709434,0.01
68,77,0.714083,0.01
68,78,0.718657,0.01
68,79,0.723159,0.01
68,80,0.687001,0.01
68,81,0.692009,0.01
68,82,0.696937,0.01
68,83,0.701786,0.01
68,84,0.706557,0.01
68,85,0.711252,0.01
68,86,0.715872,0.01
68,87,0.680079,0.01
68,88,0.646075,0.01
68,89,0.613771,0.01
68,90,0.619951,0.01
68,91,0.626031,0.01
68,92,0.632015,0.01
68,93,0.637903,0.01
68,94,0.643696,0.01
68,95,0.649397,0.01
68,96,0.616927,0.01
68,97,0.623056,0.01
68,98,0.629087,0.01
68,99,0.635022,0.01
68,100,0.640862,0.01
69,1,0.50632,0.25
69,2,0.513043,0.125
69,3,0.520011,0.0625
69,4,0.527115,0.03125
69,5,0.534277,0.015625
69,6,0.541447,0.01
69,7,0.548586,0.01
69,8,0.55567,0.01
69,9,0.562682,0.01
69,10,0.569612,0.01
69,11,0.576451,0.01
69,12,0.583194,0.01
69,13,0.58984,0.01
69,14,0.596386,0.01
69,15,0.602832,0.01
69,16,0.609179,0.01
69,17,0.615427,0.01
69,18,0.621576,0.01
69,19,0.627628,0.01
69,20,0.633584,0.01
69,21,0.639445,0.01
69,22,0.645213,0.01
69,23,0.650889,0.01
69,24,0.618345,0.01
69,25,0.624451,0.01
69,26,0.630459,0.01
69,27,0.636372,0.01
69,28,0.64219,0.01
69,29,0.647914,0.01
69,30,0.653548,0.01
69,31,0.659091,0.01
69,32,0.664545,0.01
69,33,0.669913,0.01
69,34,0.675194,0.01
69,35,0.680391,0.01
69,36,0.685505,0.01
69,37,0.690537,0.01
69,38,0.695488,0.01
69,39,0.70036,0.01
69,40,0.665342,0.01
69,41,0.670697,0.01
69,42,0.675966,0.01
69,43,0.68115,0.01
69,44,0.686252,0.01
69,45,0.691272,0.01
69,46,0.696211,0.01
69,47,0.701072,0.01
69,48,0.705855,0.01
69,49,0.710561,0.01
69,50,0.715192,0.01
69,51,0.719749,0.01
69,52,0.724233,0.01
69,53,0.728645,0.01
69,54,0.732987,0.01
69,55,0.737259,0.01
69,56,0.741463,0.01
69,57,0.7456,0.01
69,58,0.74967,0.01
69,59,0.753675,0.01
69,60,0.757617,0.01
69,61,0.761495,0.01
69,62,0.765311,0.01
69,63,0.769066,0.01
69,64,0.730613,0.01
69,65,0.734923,0.01
69,66,0.739164,0.01
69,67,0.743337,0.01
69,68,0.747444,0.01
69,69,0.751485,0.01
69,70,0.755461,0.01
69,71,0.759374,0.01
69,72,0.763224,0.01
69,73,0.767012,0.01
69,74,0.77074,0.01
69,75,0.774408,0.01
69,76,0.778018,0.01
69,77,0.781569,0.01
69,78,0.785064,0.01
69,79,0.788503,0.01
69,80,0.791887,0.01
69,81,0.795217,0.01
69,82,0.798493,0.01
69,83,0.801718,0.01
69,84,0.80489,0.01
69,85,0.808012,0.01
69,86,0.811084,0.01
69,87,0.814106,0.01
69,88,0.817081,0.01
69,89,0.820007,0.01
69,90,0.822887,0.01
69,91,0.825721,0.01
69,92,0.828509,0.01
69,93,0.787084,0.01
69,94,0.74773,0.01
69,95,0.751766,0.01
69,96,0.755738,0.01
69,97,0.759646,0.01
69,98,0.763492,0.01
69,99,0.767276,0.01
69,100,0.770999,0.01
70,1,0.50632,0.25
70,2,0.513043,0.125
70,3,0.520011,0.0625
70,4,0.527115,0.03125
70,5,0.534277,0.015625
70,6,0.541447,0.01
70,7,0.548586,0.01
70,8,0.521156,0.01
70,9,0.52868,0.01
70,10,0.536124,0.01
70,11,0.543478,0.01
70,12,0.550735,0.01
70,13,0.55789,0.01
70,14,0.564941,0.01
70,15,0.571885,0.01
70,16,0.578724,0.01
70,17,0.585456,0.01
70,18,0.592083,0.01
70,19,0.598606,0.01
70,20,0.605026,0.01
70,21,0.611343,0.01
70,22,0.61756,0.01
70,23,0.623679,0.01
70,24,0.629699,0.01
70,25,0.635623,0.01
70,26,0.641453,0.01
70,27,0.64719,0.01
70,28,0.652834,0.01
70,29,0.658389,0.01
70,30,0.663855,0.01
70,31,0.669233,0.01
70,32,0.674525,0.01
70,33,0.679733,0.01
70,34,0.684857,0.01
70,35,0.689899,0.01
70,36,0.694861,0.01
70,37,0.699743,0.01
70,38,0.704547,0.01
70,39,0.709274,0.01
70,40,0.673811,0.01
70,41,0.67903,0.01
70,42,0.684165,0.01
70,43,0.689219,0.01
70,44,0.694191,0.01
70,45,0.699084,0.01
70,46,0.703899,0.01
70,47,0.708636,0.01
70,48,0.713298,0.01
70,49,0.677633,0.01
70,50,0.682791,0.01
70,51,0.687866,0.01
70,52,0.692861,0.01
70,53,0.697775,0.01
70,54,0.70261,0.01
70,55,0.707369,0.01
70,56,0.712051,0.01
70,57,0.716658,0.01
70,58,0.721191,0.01
70,59,0.725652,0.01
70,60,0.730042,0.01
70,61,0.734361,0.01
70,62,0.738611,0.01
70,63,0.742794,0.01
70,64,0.746909,0.01
70,65,0.750958,0.01
70,66,0.754943,0.01
70,67,0.758864,0.01
70,68,0.762722,0.01
70,69,0.766519,0.01
70,70,0.770254,0.01
70,71,0.77393,0.01
70,72,0.777547,0.01
70,73,0.781107,0.01
70,74,0.784609,0.01
70,75,0.788055,0.01
70,76,0.791446,0.01
70,77,0.794783,0.01
70,78,0.798067,0.01
70,79,0.801298,0.01
70,80,0.804477,0.01
70,81,0.807605,0.01
70,82,0.810683,0.01
70,83,0.813713,0.01
70,84,0.816693,0.01
70,85,0.819626,0.01
70,86,0.778645,0.01
70,87,0.782186,0.01
70,88,0.785671,0.01
70,89,0.746388,0.01
70,90,0.750446,0.01
70,91,0.754439,0.01
70,92,0.758368,0.01
70,93,0.762234,0.01
70,94,0.766038,0.01
70,95,0.769781,0.01
70,96,0.773465,0.01
70,97,0.777089,0.01
70,98,0.780656,0.01
70,99,0.784165,0.01
70,100,0.787619,0.01
71,1,0.50632,0.25
71,2,0.513043,0.125
71,3,0.520011,0.0625
71,4,0.527115,0.03125
71,5,0.534277,0.015625
71,6,0.541447,0.01
71,7,0.548586,0.01
71,8,0.55567,0.01
71,9,0.562682,0.01
71,10,0.569612,0.01
71,11,0.576451,0.01
71,12,0.583194,0.01
71,13,0.58984,0.01
71,14,0.560348,0.01
71,15,0.567366,0.01
71,16,0.574277,0.01
71,17,0.58108,0.01
71,18,0.587777,0.01
71,19,0.594369,0.01
71,20,0.600856,0.01
71,21,0.607241,0.01
71,22,0.613524,0.01
71,23,0.619706,0.01
71,24,0.62579,0.01
71,25,0.631777,0.01
71,26,0.637668,0.01
71,27,0.643466,0.01
71,28,0.64917,0.01
71,29,0.654783,0.01
71,30,0.660306,0.01
71,31,0.665742,0.01
71,32,0.67109,0.01
71,33,0.676352,0.01
71,34,0.681531,0.01
71,35,0.686626,0.01
71,36,0.69164,0.01
71,37,0.696574,0.01
71,38,0.701429,0.01
71,39,0.706206,0.01
71,40,0.710906,0.01
71,41,0.715532,0.01
71,42,0.720083,0.01
71,43,0.724562,0.01
71,44,0.728969,0.01
71,45,0.733306,0.01
71,46,0.737573,0.01
71,47,0.741772,0.01
71,48,0.745903,0.01
71,49,0.749969,0.01
71,50,0.753969,0.01
71,51,0.757906,0.01
71,52,0.761779,0.01
71,53,0.765591,0.01
71,54,0.769341,0.01
71,55,0.773032,0.01
71,56,0.776663,0.01
71,57,0.780237,0.01
71,58,0.783753,0.01
71,59,0.787213,0.01
71,60,0.790617,0.01
71,61,0.793968,0.01
71,62,0.797264,0.01
71,63,0.800508,0.01
71,64,0.8037,0.01
71,65,0.806841,0.01
71,66,0.809931,0.01
71,67,0.812972,0.01
71,68,0.815965,0.01
71,69,0.818909,0.01
71,70,0.821807,0.01
71,71,0.824658,0.01
71,72,0.827463,0.01
71,73,0.830224,0.01
71,74,0.83294,0.01
71,75,0.835613,0.01
71,76,0.838243,0.01
71,77,0.840832,0.01
71,78,0.843378,0.01
71,79,0.845884,0.01
71,80,0.84835,0.01
71,81,0.805933,0.01
71,82,0.809038,0.01
71,83,0.812093,0.01
71,84,0.815099,0.01
71,85,0.818058,0.01
71,86,0.820969,0.01
71,87,0.823833,0.01
71,88,0.826652,0.01
71,89,0.829426,0.01
71,90,0.832155,0.01
71,91,0.83484,0.01
71,92,0.837483,0.01
71,93,0.840083,0.01
71,94,0.842642,0.01
71,95,0.84516,0.01
71,96,0.847637,0.01
71,97,0.850075,0.01
71,98,0.852474,0.01
71,99,0.854834,0.01
71,100,0.857157,0.01
